paper_id,pred_score,pred_decision,originality,importance,claims_supported,soundness,clarity,community_value,gt_avg_score,gt_decision,gt_binary,match,cost,sdk_savings,gt_score_0,gt_score_1,gt_score_2,gt_score_3,gt_score_4,gt_score_5,gt_score_6
SkmkGKEZ1U,2.0,Reject,3,3,1,1,1,2,0.5,Reject,Reject,YES,0.006638,0.0,0.0,0.0,2.0,0.0,,,
Iq1fNZus2W,5.0,Reject,3,4,2,2,3,3,3.0,Withdrawn (treated as Reject),Reject,NO,0.00965,0.0,2.0,2.0,4.0,4.0,,,
2hTLJEgCbv,2.0,Reject,1,2,1,2,2,1,1.0,Reject,Reject,YES,0.005337,0.0,0.0,0.0,2.0,2.0,,,
gubSyVxWdG,7.0,Accept,4,4,3,3,4,4,6.0,Accept (Poster),Accept,YES,0.027384,0.0,8.0,2.0,8.0,6.0,,,
RT5SlprCmc,5.5,Reject,3,4,3,3,4,4,4.5,Reject,Reject,NO,0.007139,0.0,6.0,6.0,2.0,4.0,,,
1AYy3T3Xjk,4.5,Reject,3,4,2,3,3,3,2.5,Reject,Reject,YES,0.007307,0.0,2.0,4.0,2.0,2.0,,,
e9JphzQ5Gr,7.0,Accept,4,4,4,3,4,4,4.0,Reject,Reject,NO,0.021034,0.0,6.0,2.0,6.0,4.0,2.0,,
hQZQVLJrH9,4.5,Reject,3,3,2,2,3,3,4.5,Withdrawn (treated as Reject),Reject,YES,0.022574,0.0,4.0,2.0,6.0,6.0,,,
OPFE1zPYbU,4.5,Reject,3,3,2,2,3,3,1.0,Reject,Reject,YES,0.00807,0.0,0.0,2.0,0.0,2.0,,,
Rt9SeEAMWv,7.0,Accept,4,4,3,3,4,4,4.8,Reject,Reject,NO,0.010147,0.0,6.0,4.0,2.0,6.0,6.0,,
s7oURFZTQD,4.5,Reject,3,3,2,2,3,3,3.0,Reject,Reject,YES,0.010758,0.0,2.0,2.0,4.0,4.0,,,
wkVsKDnl4s,4.5,Reject,2,4,2,3,3,3,1.0,Reject,Reject,YES,0.008189,0.0,2.0,0.0,2.0,0.0,,,
VmEkhV2yCX,6.5,Accept,4,4,3,3,4,4,5.0,Accept (Poster),Accept,YES,0.021388,0.0,4.0,4.0,6.0,6.0,,,
2eAGrunxVz,7.0,Accept,4,4,3,4,4,4,7.5,Accept (Oral),Accept,YES,0.009657,0.0,8.0,8.0,8.0,6.0,,,
bm3rbtEMFj,6.5,Accept,3,4,3,3,4,4,5.0,Accept (Poster),Accept,YES,0.009157,0.0,6.0,6.0,4.0,4.0,,,
ngOOlatCK6,7.5,Accept,4,4,4,3,4,4,5.33,Reject,Reject,NO,0.022629,0.0,6.0,6.0,4.0,,,,
OAXECnLxuk,7.0,Accept,3,4,3,4,3,4,5.5,Accept (Poster),Accept,YES,0.008425,0.0,6.0,4.0,6.0,6.0,,,
OUQ8kLRK3m,5.0,Reject,3,4,3,3,3,4,4.0,Reject,Reject,NO,0.024357,0.0,6.0,2.0,2.0,6.0,,,
sJxBWDc8SM,6.5,Accept,3,4,3,4,4,4,3.5,Reject,Reject,NO,0.007923,0.0,2.0,2.0,4.0,6.0,,,
5o0zF03RP9,2.5,Reject,2,3,1,1,2,1,0.5,Withdrawn (treated as Reject),Reject,YES,0.018113,0.0,2.0,0.0,0.0,0.0,,,
qPbDM5L8tE,4.5,Reject,3,4,2,2,3,3,2.5,Reject,Reject,YES,0.008249,0.0,2.0,2.0,2.0,4.0,,,
e26MPyczN9,5.5,Reject,3,4,2,3,4,4,4.0,Reject,Reject,NO,0.008148,0.0,4.0,4.0,4.0,6.0,2.0,,
FEqZmGl36g,6.5,Accept,4,4,3,4,4,4,4.8,Reject,Reject,NO,0.020163,0.0,6.0,4.0,2.0,6.0,6.0,,
Vsgq2ldr4K,6.0,Accept,4,4,3,3,4,4,7.5,Accept (Oral),Accept,YES,0.009347,0.0,8.0,8.0,6.0,8.0,,,
SzXDuBN8M1,7.0,Accept,4,4,3,3,4,4,7.5,Accept (Oral),Accept,YES,0.011047,0.0,8.0,8.0,6.0,8.0,,,
gTMzRm8fb0,6.0,Accept,3,4,3,3,3,4,5.0,Accept (Poster),Accept,YES,0.022805,0.0,4.0,8.0,4.0,4.0,,,
pbbRmnFkjG,6.5,Accept,3,4,3,3,4,4,6.5,Accept (Poster),Accept,YES,0.007833,0.0,8.0,4.0,8.0,6.0,,,
70n4clRSTj,6.5,Accept,4,4,3,3,3,4,3.5,Withdrawn (treated as Reject),Reject,,0.0,0.0,2.0,2.0,8.0,2.0,,,
32mrjmaeMP,7.5,Accept,4,4,4,4,4,4,4.5,Accept (Poster),Accept,YES,0.00972,0.0,6.0,6.0,4.0,2.0,,,
nHrYBGujps,6.5,Accept,4,4,3,3,4,4,7.5,Accept (Oral),Accept,YES,0.007876,0.0,6.0,8.0,8.0,8.0,,,
khHNHzRjMy,5.5,Accept,4,4,3,3,4,4,3.0,Reject,Reject,NO,0.007645,0.0,6.0,2.0,2.0,2.0,,,
omg9K6lI93,3.5,Reject,3,4,2,2,3,3,1.0,Reject,Reject,YES,0.007247,0.0,2.0,0.0,2.0,0.0,,,
ulXBsAYSwU,4.0,Reject,2,4,2,2,4,3,1.33,Withdrawn (treated as Reject),Reject,YES,0.006947,0.0,2.0,2.0,0.0,,,,
Vit5M0G5Gb,7.5,Accept,4,4,3,4,4,4,6.0,Accept (Poster),Accept,YES,0.008414,0.0,8.0,6.0,4.0,6.0,6.0,,
CrCPeM5fRB,4.0,Reject,3,3,2,3,4,3,3.5,Reject,Reject,YES,0.00688,0.0,4.0,2.0,4.0,4.0,,,
VK5G3Ff4Ty,3.5,Reject,3,4,2,2,2,3,2.5,Reject,Reject,YES,0.007144,0.0,2.0,6.0,0.0,2.0,,,
1CR1MTIgmq,6.5,Accept,3,5,4,4,3,4,0.0,Reject,Reject,YES,0.006851,0.0,0.0,0.0,0.0,,,,
JhziZbaefH,4.5,Reject,4,4,2,3,3,3,2.5,Withdrawn (treated as Reject),Reject,YES,0.008471,0.0,2.0,2.0,4.0,2.0,,,
lZrZgZ9wIu,4.5,Reject,3,3,3,3,3,3,2.0,Reject,Reject,YES,0.00721,0.0,2.0,2.0,2.0,2.0,,,
jLO4pSi5Pt,7.0,Accept,4,4,3,4,4,4,5.0,Accept (Poster),Accept,YES,0.012917,0.0,4.0,6.0,4.0,6.0,,,
1PIfB5w05x,7.0,Accept,4,3,3,4,4,4,7.5,Accept (Poster),Accept,YES,0.008393,0.0,8.0,8.0,8.0,6.0,,,
cmzeMZNsmm,6.0,Accept,3,4,3,3,3,4,5.0,Reject,Reject,NO,0.009202,0.0,2.0,4.0,6.0,8.0,,,
4Mvdn1m861,4.5,Reject,3,3,2,3,3,3,3.5,Reject,Reject,YES,0.021626,0.0,2.0,4.0,4.0,4.0,,,
Q6TymStAvS,5.5,Accept,4,3,3,3,4,3,3.5,Reject,Reject,NO,0.00977,0.0,2.0,2.0,6.0,4.0,,,
KsmTaPygR9,7.0,Accept,4,5,3,3,4,4,5.5,Accept (Poster),Accept,YES,0.019109,0.0,4.0,8.0,6.0,4.0,,,
ikthqd3qF4,7.0,Accept,4,4,3,4,4,4,2.5,Reject,Reject,NO,0.007414,0.0,2.0,4.0,4.0,0.0,,,
b8TlYh6PN6,7.5,Accept,5,4,4,4,4,4,8.0,Accept (Oral),Accept,YES,0.023123,0.0,8.0,8.0,8.0,8.0,,,
3wMdHl7JQ6,2.5,Reject,3,3,1,1,2,2,1.0,Reject,Reject,YES,0.010272,0.0,2.0,0.0,0.0,2.0,,,
MwuSvrthXq,7.0,Accept,4,4,3,4,3,4,4.0,Reject,Reject,NO,0.008145,0.0,6.0,4.0,2.0,4.0,,,
IHyY6vdYZw,7.0,Accept,3,4,4,4,4,4,5.0,Accept (Poster),Accept,YES,0.009089,0.0,4.0,8.0,2.0,6.0,,,
7yvz93kBw9,6.0,Accept,3,3,3,3,3,3,6.0,Accept (Poster),Accept,NO,0.008047,0.0,6.0,6.0,6.0,,,,
BGEdvJ35PV,6.0,Accept,3,4,3,3,4,4,3.33,Reject,Reject,NO,0.022406,0.0,4.0,2.0,4.0,,,,
0aBAAS0rRT,4.5,Reject,3,4,2,2,3,3,5.33,Accept (Poster),Accept,NO,0.006934,0.0,6.0,4.0,6.0,,,,
GiaF5cFIpI,5.5,Reject,4,5,3,3,4,4,3.5,Reject,Reject,YES,0.008199,0.0,6.0,2.0,4.0,2.0,,,
NlHHlqP1zk,5.5,Accept,3,4,3,3,3,4,4.67,Reject,Reject,YES,0.008832,0.0,2.0,6.0,6.0,,,,
IdJakw2jta,6.0,Accept,4,4,3,3,4,4,4.5,Withdrawn (treated as Reject),Reject,YES,0.024272,0.0,4.0,6.0,4.0,4.0,,,
c339hUw3cy,6.5,Accept,3,4,3,3,3,4,4.0,Reject,Reject,NO,0.006784,0.0,6.0,2.0,6.0,2.0,,,
NIvqiJ8R4J,4.0,Reject,3,4,2,2,3,3,5.0,Reject,Reject,YES,0.009249,0.0,4.0,6.0,2.0,8.0,,,
0zKfU1rsXd,7.5,Accept,4,4,3,4,3,4,5.0,Accept (Poster),Accept,YES,0.00953,0.0,4.0,4.0,6.0,6.0,,,
3YKeB9R1g9,7.0,Accept,3,4,4,3,4,4,8.0,Accept (Poster),Accept,YES,0.009217,0.0,8.0,8.0,8.0,,,,
Xpj0yeMhpz,6.0,Accept,4,3,3,3,3,4,7.0,Accept (Poster),Accept,YES,0.012433,0.0,4.0,6.0,8.0,10.0,,,
FlcMckO6x5,6.0,Accept,3,4,3,3,4,4,6.0,Accept (Poster),Accept,YES,0.010351,0.0,6.0,8.0,4.0,6.0,,,
rI2Fa13fUL,7.0,Accept,3,4,3,4,3,4,5.0,Reject,Reject,NO,0.009483,0.0,6.0,6.0,4.0,4.0,,,
WxTlAbRUE6,6.5,Accept,4,4,3,3,4,4,2.5,Reject,Reject,NO,0.007068,0.0,2.0,4.0,2.0,2.0,,,
TX4k7BF6aO,6.0,Accept,3,4,3,3,3,4,5.33,Accept (Poster),Accept,YES,0.009578,0.0,4.0,4.0,8.0,,,,
rzGEfYr2ZC,5.5,Accept,3,3,3,3,4,3,0.0,Reject,Reject,NO,0.007716,0.0,0.0,0.0,0.0,,,,
JEN4nsDgh9,4.5,Reject,3,3,2,3,3,4,3.5,Reject,Reject,YES,0.021715,0.0,4.0,4.0,2.0,4.0,,,
HHYd4Pz5Lp,7.5,Accept,4,4,3,4,4,4,1.33,Withdrawn (treated as Reject),Reject,NO,0.008056,0.0,0.0,2.0,2.0,,,,
RtS4UqSmNt,7.5,Accept,4,4,3,4,4,4,6.5,Accept (Oral),Accept,YES,0.019514,0.0,8.0,2.0,8.0,8.0,,,
Me0n0iESJY,5.5,Accept,3,4,2,3,3,4,6.0,Accept (Poster),Accept,YES,0.010987,0.0,4.0,8.0,8.0,4.0,,,
R8y089OGoo,7.0,Accept,4,4,3,4,4,4,5.0,Accept (Poster),Accept,,0.0,0.0,4.0,4.0,6.0,6.0,,,
4Nsx2kZkex,2.0,Reject,3,3,1,1,2,2,1.0,Reject,Reject,YES,0.015838,0.0,0.0,2.0,0.0,2.0,,,
kpLRYtPGt3,7.5,Accept,4,4,3,4,4,4,7.0,Accept (Oral),Accept,YES,0.008663,0.0,6.0,8.0,6.0,8.0,,,
XHzrBDzKaX,6.5,Accept,3,4,4,3,4,4,5.0,Reject,Reject,NO,0.00954,0.0,4.0,8.0,4.0,4.0,,,
lbLAgGF8OO,7.0,Accept,4,4,3,4,3,4,7.5,Accept (Poster),Accept,,0.0,0.0,8.0,6.0,8.0,8.0,,,
JjJzbMDGsx,7.5,Accept,4,4,4,4,4,4,7.0,Accept (Poster),Accept,YES,0.007795,0.0,8.0,6.0,6.0,8.0,,,
Wes9HF3ppt,6.5,Accept,4,4,3,3,4,4,5.0,Reject,Reject,NO,0.023043,0.0,4.0,6.0,6.0,4.0,,,
3V559xWIWc,7.5,Accept,4,4,4,3,4,4,4.5,Reject,Reject,NO,0.023571,0.0,4.0,6.0,6.0,2.0,,,
blFpxJ3A08,3.5,Reject,2,3,2,2,2,3,1.0,Withdrawn (treated as Reject),Reject,YES,0.00673,0.0,2.0,2.0,0.0,0.0,,,
c2ozZYoZFd,8.0,Accept,4,5,4,4,4,5,2.67,Reject,Reject,NO,0.007751,0.0,2.0,4.0,2.0,,,,
jJedqisfOt,5.5,Accept,3,4,3,3,3,4,5.0,Accept (Poster),Accept,NO,0.008217,0.0,6.0,2.0,6.0,6.0,,,
6rz7VyAatm,6.5,Accept,3,4,3,4,4,4,3.5,Reject,Reject,NO,0.008906,0.0,0.0,6.0,2.0,6.0,,,
aiM6bRd6bG,5.5,Accept,4,4,3,3,3,4,4.0,Reject,Reject,YES,0.008787,0.0,4.0,2.0,6.0,4.0,,,
ck0aZTAnwK,6.5,Accept,4,4,3,3,4,4,7.5,Accept (Oral),Accept,YES,0.020885,0.0,6.0,8.0,8.0,8.0,,,
Y9TgNFsNyP,5.5,Accept,4,4,3,3,4,4,5.5,Reject,Reject,YES,0.009525,0.0,6.0,4.0,4.0,8.0,,,
Dxb9zYD23D,5.0,Reject,4,4,2,3,4,3,3.5,Withdrawn (treated as Reject),Reject,NO,0.008224,0.0,4.0,4.0,2.0,4.0,,,
wSbVv6xaRr,6.0,Accept,4,4,3,3,3,4,4.0,Withdrawn (treated as Reject),Reject,NO,0.010159,0.0,4.0,4.0,4.0,,,,
bH5M0ts8Y6,6.0,Accept,4,4,3,3,3,4,5.0,Accept (Poster),Accept,YES,0.009488,0.0,4.0,8.0,4.0,4.0,,,
v4bQPw4aTW,6.5,Accept,3,3,4,4,4,3,4.5,Reject,Reject,YES,0.00878,0.0,6.0,4.0,4.0,4.0,,,
crKJJ4Ej60,5.5,Reject,4,4,2,3,3,3,5.33,Accept (Poster),Accept,YES,0.008534,0.0,4.0,6.0,6.0,,,,
tswBfpkwHn,7.5,Accept,4,4,4,4,4,4,5.0,Reject,Reject,NO,0.009207,0.0,6.0,4.0,6.0,4.0,,,
RlMCc0JTu4,1.5,Reject,3,3,1,1,1,1,0.0,Reject,Reject,YES,0.005339,0.0,0.0,0.0,0.0,0.0,,,
yR5QX5cTEy,7.0,Accept,4,4,3,4,3,4,5.0,Reject,Reject,NO,0.009424,0.0,4.0,6.0,8.0,2.0,,,
vPSiCA3CkD,7.5,Accept,4,4,3,4,4,4,7.5,Accept (Poster),Accept,YES,0.008616,0.0,8.0,10.0,6.0,6.0,,,
N8ntZEb4Ap,5.0,Reject,3,4,2,3,3,3,2.33,Withdrawn (treated as Reject),Reject,,0.0,0.0,2.0,0.0,2.0,2.0,4.0,4.0,
TgLW2DiRDG,6.5,Accept,4,3,3,4,4,4,7.5,Accept (Oral),Accept,YES,0.009362,0.0,8.0,6.0,8.0,8.0,,,
Xn33bU71m4,3.0,Reject,3,3,1,2,2,2,1.33,Withdrawn (treated as Reject),Reject,YES,0.018762,0.0,2.0,2.0,0.0,,,,
x6iodYWNty,7.0,Accept,4,4,3,4,4,4,5.33,Accept (Poster),Accept,YES,0.007798,0.0,6.0,6.0,4.0,,,,
YETCQLcKtn,5.5,Accept,4,4,2,3,4,3,4.5,Accept (Poster),Accept,YES,0.008099,0.0,4.0,4.0,2.0,8.0,,,
GMlZt4fZSY,6.0,Accept,3,4,3,3,4,4,7.0,Accept (Poster),Accept,YES,0.009461,0.0,6.0,8.0,8.0,6.0,,,
d2pUyiXwcm,7.0,Accept,4,4,3,4,3,4,4.5,Accept (Poster),Accept,YES,0.028776,0.0,4.0,2.0,8.0,4.0,,,
KDIgNmK8YT,3.5,Reject,2,4,2,2,3,3,2.5,Reject,Reject,YES,0.007611,0.0,2.0,2.0,4.0,2.0,,,
YvMkU4BYOA,4.5,Reject,3,3,2,2,4,3,2.0,Reject,Reject,YES,0.008608,0.0,2.0,2.0,2.0,2.0,,,
mytIKuRsSE,7.0,Accept,4,4,4,4,4,4,7.5,Accept (Oral),Accept,YES,0.010407,0.0,8.0,8.0,6.0,8.0,,,
dCtkwjkK0E,4.5,Reject,3,4,2,2,3,3,2.0,Reject,Reject,YES,0.006885,0.0,2.0,2.0,2.0,2.0,,,
P1qlqfRtgo,3.0,Reject,1,3,2,2,2,2,2.0,Withdrawn (treated as Reject),Reject,YES,0.005774,0.0,2.0,2.0,2.0,2.0,,,
ngfIm9aPsH,6.0,Accept,3,4,3,3,3,4,5.5,Accept (Poster),Accept,YES,0.007235,0.0,4.0,6.0,6.0,6.0,,,
2cq8FyBfDk,6.5,Accept,4,4,3,3,3,4,3.2,Reject,Reject,NO,0.007031,0.0,2.0,0.0,4.0,4.0,6.0,,
kMfVTka2WB,3.0,Reject,2,2,2,2,2,2,2.0,Reject,Reject,YES,0.007109,0.0,2.0,2.0,2.0,2.0,,,
5T1vMQldr8,5.0,Reject,3,4,2,3,3,3,4.0,Reject,Reject,YES,0.008421,0.0,4.0,4.0,4.0,,,,
pW6rFymZ8F,6.5,Accept,3,4,3,3,3,4,5.0,Reject,Reject,NO,0.008323,0.0,6.0,6.0,4.0,4.0,,,
AdfEHMueyc,4.5,Reject,3,3,2,3,3,3,1.5,Reject,Reject,YES,0.007129,0.0,0.0,2.0,4.0,0.0,,,
Q5SSA6IonA,6.0,Accept,3,3,3,3,3,4,5.0,Reject,Reject,YES,0.00927,0.0,6.0,4.0,4.0,6.0,,,
ZKkeA1G935,6.0,Accept,3,4,3,3,4,4,4.0,Reject,Reject,YES,0.009422,0.0,4.0,4.0,4.0,2.0,6.0,,
doxBjZ88H3,6.0,Accept,4,4,3,3,3,4,4.5,Accept (Poster),Accept,YES,0.007321,0.0,6.0,6.0,2.0,4.0,,,
wUzBBsrdB1,7.0,Accept,4,4,3,3,4,4,5.0,Reject,Reject,NO,0.022442,0.0,8.0,4.0,6.0,2.0,,,
Rj5ZJk956j,6.5,Accept,4,4,3,3,4,4,4.67,Reject,Reject,NO,0.007383,0.0,4.0,2.0,8.0,,,,
0TmVqOpBbK,6.5,Accept,3,4,3,3,4,4,6.5,Accept (Poster),Accept,NO,0.008962,0.0,6.0,8.0,4.0,8.0,,,
4nOZBufbLC,6.5,Accept,4,4,3,3,4,4,5.6,Accept (Poster),Accept,YES,0.009991,0.0,4.0,6.0,6.0,4.0,8.0,,
t5Nd4HiI3E,6.5,Accept,4,4,3,3,4,4,4.0,Reject,Reject,YES,0.008725,0.0,4.0,2.0,4.0,6.0,,,
0K4jNe8ik9,4.0,Reject,3,3,2,2,3,3,1.0,Withdrawn (treated as Reject),Reject,YES,0.007614,0.0,0.0,0.0,2.0,2.0,,,
yBFXOZPESZ,6.5,Accept,3,4,4,4,3,4,4.0,Reject,Reject,NO,0.011116,0.0,4.0,6.0,4.0,2.0,4.0,,
EbSkBZQF9g,2.0,Reject,2,3,1,1,2,1,0.5,Reject,Reject,YES,0.017056,0.0,0.0,0.0,2.0,0.0,,,
R0ZKcQlF2C,5.0,Reject,3,4,2,3,4,3,4.0,Reject,Reject,YES,0.007927,0.0,4.0,2.0,6.0,,,,
5DpzzTPnJZ,6.0,Accept,4,4,3,3,3,4,5.0,Accept (Poster),Accept,YES,0.008403,0.0,6.0,4.0,4.0,6.0,,,
23Ea4fVGiI,4.5,Reject,3,4,3,3,4,3,0.67,Reject,Reject,YES,0.007176,0.0,2.0,0.0,0.0,,,,
ZNAY3ivd62,6.0,Accept,3,3,3,3,3,4,4.0,Reject,Reject,YES,0.010595,0.0,2.0,4.0,6.0,4.0,,,
ZNAY3ivd62,6.0,Accept,3,3,3,3,3,4,4.0,Reject,Reject,NO,0.002423,0.0,2.0,4.0,6.0,4.0,,,
VFaYukYt6K,5.5,Accept,4,4,3,3,4,4,3.33,Reject,Reject,NO,0.006761,0.0,2.0,4.0,4.0,,,,
Olc7XhgstJ,6.5,Accept,4,4,3,3,3,4,4.0,Reject,Reject,NO,0.007946,0.0,2.0,4.0,4.0,6.0,,,
GiItKTlJIB,5.0,Reject,3,4,2,2,3,3,3.0,Withdrawn (treated as Reject),Reject,YES,0.006825,0.0,2.0,4.0,2.0,4.0,,,
BzqkbJTsbq,4.5,Reject,3,4,2,2,3,3,3.5,Reject,Reject,YES,0.01011,0.0,4.0,2.0,4.0,4.0,,,
0JLUFJMo5p,1.5,Reject,2,3,1,1,1,1,1.0,Reject,Reject,YES,0.006272,0.0,0.0,2.0,0.0,2.0,,,
heVn5cNfje,6.5,Accept,3,4,3,3,4,4,3.5,Reject,Reject,NO,0.009525,0.0,4.0,2.0,4.0,4.0,,,
zftquoHTgS,6.0,Accept,3,4,3,3,4,4,4.0,Reject,Reject,NO,0.008107,0.0,8.0,2.0,4.0,2.0,,,
ey7CXUBn1g,6.0,Accept,3,4,3,3,3,4,3.0,Withdrawn (treated as Reject),Reject,YES,0.025119,0.0,2.0,2.0,4.0,4.0,,,
0obDxMfeYu,5.5,Reject,3,4,3,3,3,4,3.2,Reject,Reject,NO,0.010641,0.0,2.0,2.0,4.0,2.0,6.0,,
q0UEl3xAIZ,4.0,Reject,2,3,2,3,3,2,1.33,Reject,Reject,YES,0.019951,0.0,0.0,2.0,2.0,,,,
zqA7Q9Q21L,7.0,Accept,4,3,3,3,4,4,5.6,Accept (Poster),Accept,YES,0.007896,0.0,8.0,4.0,4.0,8.0,4.0,,
UDIYU1X3vC,6.5,Accept,3,4,3,3,4,4,4.8,Accept (Poster),Accept,YES,0.009818,0.0,6.0,6.0,4.0,6.0,2.0,,
ZMzha5gbnF,7.0,Accept,4,4,3,4,4,4,7.0,Accept (Poster),Accept,YES,0.010555,0.0,6.0,6.0,8.0,8.0,,,
xVB9AivJa5,4.0,Reject,3,4,2,2,3,3,1.33,Reject,Reject,YES,0.006654,0.0,0.0,2.0,2.0,,,,
O75R5yyw4R,7.0,Accept,4,4,3,4,3,4,4.67,Reject,Reject,NO,0.020385,0.0,4.0,4.0,6.0,,,,
55GsILa8c9,6.0,Accept,3,4,3,4,4,4,6.0,Reject,Reject,YES,0.009884,0.0,6.0,4.0,6.0,8.0,,,
iaoAKDRAJQ,7.0,Accept,4,3,4,4,3,4,6.0,Accept (Poster),Accept,YES,0.009873,0.0,8.0,4.0,6.0,6.0,,,
UJ2UUjT2ko,7.5,Accept,4,4,4,4,4,4,8.0,Accept (Poster),Accept,YES,0.007832,0.0,8.0,8.0,8.0,,,,
XIAta0WOJ6,7.0,Accept,4,4,3,3,4,4,6.0,Accept (Poster),Accept,YES,0.009614,0.0,8.0,6.0,6.0,4.0,,,
ecbEfXdqrV,6.0,Accept,3,3,4,4,3,4,3.0,Reject,Reject,NO,0.008271,0.0,2.0,4.0,4.0,2.0,,,
vGkXf8nvt9,6.0,Accept,4,4,3,3,3,4,4.67,Reject,Reject,NO,0.009856,0.0,4.0,6.0,4.0,,,,
CNrU5kGJYG,6.0,Accept,4,4,3,3,4,4,5.5,Accept (Poster),Accept,YES,0.008149,0.0,6.0,6.0,4.0,6.0,,,
GODFBZhFcX,6.5,Accept,4,4,3,3,4,4,4.5,Accept (Poster),Accept,YES,0.007102,0.0,6.0,2.0,6.0,4.0,,,
sh1hWO9RHo,5.5,Reject,3,4,3,3,4,4,4.5,Reject,Reject,NO,0.007577,0.0,4.0,4.0,6.0,4.0,,,
r5jxDjYeO4,6.5,Accept,4,4,3,4,3,4,4.5,Reject,Reject,NO,0.007244,0.0,4.0,4.0,4.0,6.0,,,
WhO6Km5Rku,4.5,Reject,3,3,2,2,2,3,4.0,Withdrawn (treated as Reject),Reject,YES,0.028085,0.0,4.0,4.0,2.0,6.0,,,
Pxd5mjwznl,2.0,Reject,2,2,1,1,2,1,0.0,Reject,Reject,YES,0.004783,0.0,0.0,0.0,0.0,,,,
MQmrcX5jnk,7.0,Accept,4,4,3,4,3,4,6.0,Accept (Poster),Accept,YES,0.008313,0.0,6.0,8.0,8.0,6.0,2.0,,
LD6B7AvkZq,5.5,Accept,3,4,3,3,4,4,3.0,Reject,Reject,NO,0.00733,0.0,4.0,4.0,2.0,2.0,,,
8KcjEygedc,7.0,Accept,4,4,3,4,3,4,7.5,Accept (Poster),Accept,YES,0.00813,0.0,8.0,8.0,6.0,8.0,,,
4Ha2srdhPN,7.0,Accept,3,4,3,3,4,4,4.5,Reject,Reject,NO,0.008009,0.0,2.0,8.0,2.0,6.0,,,
1j0ormf8uI,7.0,Accept,3,4,3,4,3,4,5.2,Accept (Poster),Accept,YES,0.008498,0.0,8.0,4.0,6.0,6.0,2.0,,
WwDNiisZQm,7.0,Accept,3,4,4,4,4,4,4.0,Accept (Poster),Accept,YES,0.008692,0.0,6.0,2.0,4.0,4.0,,,
Rip3EJc4nx,4.0,Reject,3,3,2,2,3,3,4.0,Reject,Reject,YES,0.008103,0.0,4.0,4.0,4.0,4.0,,,
M14YpuTejd,7.0,Accept,3,4,3,3,4,4,4.0,Withdrawn (treated as Reject),Reject,NO,0.008033,0.0,6.0,2.0,4.0,,,,
DAPcmFcqgd,3.0,Reject,2,3,2,2,3,2,1.0,Reject,Reject,YES,0.006482,0.0,2.0,2.0,0.0,0.0,,,
iDki7djO2K,5.5,Accept,4,4,3,3,4,4,4.0,Reject,Reject,NO,0.007252,0.0,4.0,4.0,4.0,4.0,,,
Ksvv8x00eo,6.5,Accept,4,4,3,3,3,4,3.5,Withdrawn (treated as Reject),Reject,NO,0.023637,0.0,6.0,2.0,4.0,2.0,,,
2PJkG6aV4A,7.0,Accept,4,4,4,3,4,4,6.0,Reject,Reject,NO,0.020428,0.0,4.0,8.0,8.0,4.0,,,
fD9YRHazW3,6.0,Accept,4,4,3,3,4,4,5.5,Accept (Poster),Accept,NO,0.007685,0.0,2.0,8.0,6.0,6.0,,,
JdVTWjjnR6,5.5,Accept,3,4,2,3,3,3,5.0,Reject,Reject,YES,0.008626,0.0,6.0,6.0,4.0,6.0,6.0,2.0,
8ZQ0HjBOEc,4.5,Reject,3,4,2,3,2,3,4.0,Reject,Reject,NO,0.009789,0.0,2.0,4.0,4.0,6.0,,,
5SQo2E9Ujj,2.0,Reject,2,3,1,2,2,2,0.0,Withdrawn (treated as Reject),Reject,YES,0.011474,0.0,0.0,0.0,0.0,0.0,0.0,,
dbYvP2BKCM,5.5,Accept,4,4,3,3,4,4,3.5,Reject,Reject,YES,0.054657,0.0,4.0,2.0,6.0,2.0,,,
SsUjdSVdUl,7.0,Accept,3,3,4,4,3,4,5.0,Accept (Poster),Accept,YES,0.009219,0.0,6.0,4.0,4.0,6.0,,,
YuxgSGFaqb,4.5,Reject,3,4,2,2,3,3,6.0,Accept (Oral),Accept,NO,0.007729,0.0,6.0,8.0,4.0,6.0,,,
rBj2iVyrhh,6.0,Accept,3,4,3,3,3,4,2.0,Reject,Reject,NO,0.008655,0.0,2.0,2.0,2.0,2.0,,,
VSDV0SWwOC,6.5,Accept,4,4,3,3,3,4,6.67,Accept (Poster),Accept,YES,0.009665,0.0,8.0,4.0,8.0,,,,
beV5wMTRIq,4.0,Reject,2,4,2,2,3,3,2.0,Withdrawn (treated as Reject),Reject,YES,0.008636,0.0,2.0,2.0,2.0,2.0,,,
Yo7eG3lC3y,5.5,Accept,3,4,3,3,4,3,4.5,Reject,Reject,NO,0.008041,0.0,6.0,6.0,4.0,2.0,,,
nxmBUymHIQ,5.5,Accept,3,3,3,3,4,3,4.5,Reject,Reject,YES,0.008794,0.0,4.0,2.0,4.0,8.0,,,
Rd0yhdfueL,2.5,Reject,2,3,1,2,2,2,1.0,Reject,Reject,YES,0.005985,0.0,2.0,0.0,0.0,2.0,,,
9X2NfyZpR2,6.0,Accept,4,4,3,3,3,4,3.0,Reject,Reject,NO,0.009829,0.0,2.0,4.0,2.0,4.0,,,
1EdAn5gMVv,6.0,Accept,3,4,3,3,4,4,5.0,Reject,Reject,NO,0.009718,0.0,6.0,8.0,2.0,4.0,,,
Hf7jMztvve,3.5,Reject,3,4,2,2,3,3,4.67,Reject,Reject,YES,0.006071,0.0,2.0,6.0,6.0,,,,
4S5x8yhJ5H,5.5,Accept,3,4,3,3,4,4,0.0,Withdrawn (treated as Reject),Reject,YES,0.008263,0.0,0.0,0.0,0.0,,,,
KsWRLyIAKP,4.5,Reject,3,3,2,3,4,3,3.2,Withdrawn (treated as Reject),Reject,YES,0.00841,0.0,4.0,2.0,2.0,4.0,4.0,,
2za3iNkwXn,6.5,Accept,3,4,3,3,4,4,4.4,Accept (Poster),Accept,YES,0.008418,0.0,4.0,4.0,4.0,4.0,6.0,,
IOKftyz5iP,4.5,Reject,3,4,2,3,3,3,3.0,Withdrawn (treated as Reject),Reject,YES,0.007206,0.0,2.0,4.0,2.0,4.0,,,
H1s6SBhzlg,6.0,Accept,4,4,3,3,4,4,4.0,Reject,Reject,NO,0.007028,0.0,4.0,4.0,4.0,4.0,,,
eETr3lrOQB,6.0,Accept,3,4,3,3,4,4,4.5,Accept (Poster),Accept,NO,0.011828,0.0,4.0,8.0,2.0,4.0,,,
DZUehXNiBn,5.5,Accept,3,4,3,3,4,4,4.0,Withdrawn (treated as Reject),Reject,NO,0.009211,0.0,4.0,2.0,4.0,6.0,,,
fBc9v8CVvm,7.0,Accept,3,4,4,4,4,4,5.33,Accept (Poster),Accept,YES,0.010674,0.0,6.0,6.0,4.0,,,,
OJupg4mDjS,6.5,Accept,4,4,3,3,4,4,7.0,Accept (Oral),Accept,YES,0.00919,0.0,4.0,8.0,6.0,10.0,,,
O6n4dgTBBL,2.5,Reject,3,4,1,1,3,2,0.67,Withdrawn (treated as Reject),Reject,YES,0.031947,0.0,0.0,0.0,2.0,,,,
D5PJX02Jki,6.0,Accept,4,4,3,3,4,4,6.0,Accept (Poster),Accept,YES,0.009587,0.0,8.0,6.0,4.0,6.0,,,
BiXwSIIMIq,6.0,Accept,4,4,3,3,3,4,4.5,Accept (Poster),Accept,YES,0.010053,0.0,6.0,4.0,4.0,4.0,,,
5asbtzIVpS,5.5,Reject,4,4,2,2,4,3,5.5,Accept (Poster),Accept,YES,0.010187,0.0,4.0,6.0,4.0,8.0,,,
6Y9NP1qhoM,6.5,Accept,3,4,3,3,3,4,5.0,Accept (Poster),Accept,NO,0.023731,0.0,4.0,6.0,8.0,2.0,,,
6RQsAQEUib,5.0,Reject,3,4,3,3,3,4,4.0,Withdrawn (treated as Reject),Reject,NO,0.007361,0.0,6.0,2.0,2.0,6.0,,,
nzkObUsajY,4.5,Reject,3,3,2,3,3,3,4.0,Reject,Reject,YES,0.008765,0.0,2.0,4.0,6.0,4.0,,,
QSPKIO3XV8,5.0,Reject,3,3,2,3,4,3,3.0,Reject,Reject,YES,0.020517,0.0,0.0,4.0,4.0,4.0,,,
r5Ii1GTEWj,2.0,Reject,2,4,1,1,2,1,2.0,Reject,Reject,YES,0.00722,0.0,2.0,2.0,2.0,2.0,,,
BDNctVKwuD,7.0,Accept,4,4,3,4,3,4,1.33,Reject,Reject,NO,0.00891,0.0,2.0,2.0,0.0,,,,
txiGUfI4yF,5.0,Reject,3,3,2,3,4,3,7.33,Accept (Poster),Accept,YES,0.008487,0.0,6.0,10.0,6.0,,,,
nnwvwge40d,7.0,Accept,4,4,4,3,3,4,4.0,Accept (Poster),Accept,YES,0.009932,0.0,4.0,2.0,4.0,6.0,,,
klB3AvQZqJ,6.0,Accept,3,4,3,3,4,4,3.5,Reject,Reject,NO,0.010549,0.0,4.0,2.0,4.0,4.0,,,
yjrVOxjkDR,7.0,Accept,4,5,4,4,4,4,7.5,Accept (Poster),Accept,YES,0.008091,0.0,8.0,8.0,6.0,8.0,,,
0kHbD6ad07,7.0,Accept,4,4,3,4,3,4,5.0,Accept (Poster),Accept,YES,0.008419,0.0,4.0,4.0,6.0,6.0,,,
5H8kxW0Efk,6.5,Accept,4,4,3,3,4,4,4.0,Reject,Reject,NO,0.007164,0.0,6.0,4.0,2.0,,,,
j3htU5i01r,6.5,Accept,3,3,4,4,4,3,4.0,Reject,Reject,YES,0.007945,0.0,2.0,2.0,8.0,4.0,,,
GE0b5aQAvm,3.5,Reject,2,2,2,2,2,2,2.67,Reject,Reject,YES,0.007171,0.0,2.0,4.0,2.0,,,,
DB2KJKFX0d,5.5,Accept,4,4,3,3,3,3,3.5,Reject,Reject,YES,0.010225,0.0,6.0,4.0,2.0,2.0,,,
VbTLgEUocp,6.0,Accept,4,4,3,3,5,4,7.0,Accept (Poster),Accept,YES,0.007745,0.0,6.0,8.0,8.0,6.0,,,
ZZFNyU3ZSo,5.5,Accept,3,3,3,3,4,3,4.67,Reject,Reject,NO,0.007821,0.0,4.0,4.0,6.0,,,,
uXecy0nKiJ,6.5,Accept,4,5,3,3,4,4,4.5,Reject,Reject,NO,0.020381,0.0,4.0,2.0,6.0,6.0,,,
4VW9HVCRw0,6.5,Accept,4,4,3,3,4,4,7.0,Accept (Poster),Accept,YES,0.00827,0.0,8.0,8.0,6.0,6.0,,,
HvFpfea8XA,5.0,Reject,3,4,2,2,4,4,4.5,Reject,Reject,YES,0.009394,0.0,4.0,2.0,6.0,6.0,,,
cVX3VqO8BO,3.5,Reject,3,4,2,2,3,3,5.5,Accept (Poster),Accept,YES,0.008377,0.0,6.0,2.0,8.0,6.0,,,
HwyYpLxY0G,5.0,Reject,3,4,2,3,4,3,0.5,Reject,Reject,YES,0.008165,0.0,2.0,0.0,0.0,0.0,,,
RNe17WTR38,6.0,Accept,3,4,3,3,4,4,2.0,Reject,Reject,NO,0.011519,0.0,2.0,2.0,2.0,2.0,,,
4iu9Lj0Ist,5.5,Reject,4,4,2,3,3,4,3.5,Reject,Reject,YES,0.008889,0.0,6.0,4.0,2.0,2.0,,,
6vX0LH9Yt7,4.5,Reject,3,3,2,3,4,3,3.0,Reject,Reject,YES,0.021084,0.0,4.0,4.0,2.0,2.0,,,
c7OsKOOZo8,6.5,Accept,3,4,3,3,4,4,4.5,Withdrawn (treated as Reject),Reject,NO,0.008001,0.0,6.0,4.0,4.0,4.0,,,
zHdKaF3ZM7,4.5,Reject,4,4,2,2,3,3,7.2,Accept (Poster),Accept,YES,0.009106,0.0,8.0,8.0,6.0,6.0,8.0,,
40sQXprYlm,4.5,Reject,4,4,2,3,3,3,5.0,Reject,Reject,YES,0.007692,0.0,4.0,4.0,8.0,4.0,,,
FMjeC9Msws,7.5,Accept,3,5,4,4,4,5,7.5,Accept (Oral),Accept,YES,0.022102,0.0,8.0,6.0,8.0,8.0,,,
TBsTStMK41,5.0,Reject,3,5,3,3,3,4,4.0,Reject,Reject,NO,0.011181,0.0,4.0,4.0,2.0,4.0,6.0,,
f4B4ohWO53,4.0,Reject,3,3,2,2,3,2,3.33,Reject,Reject,YES,0.009252,0.0,2.0,4.0,4.0,,,,
FtL9eEmU6v,6.5,Accept,4,4,3,3,3,4,7.5,Accept (Oral),Accept,YES,0.006529,0.0,6.0,10.0,8.0,6.0,,,
NFB4QGGS65,7.5,Accept,4,4,4,3,4,4,6.5,Accept (Poster),Accept,YES,0.009902,0.0,8.0,8.0,4.0,6.0,,,
uP6RDWHcs7,6.0,Accept,3,4,3,3,4,3,1.33,Withdrawn (treated as Reject),Reject,NO,0.014745,0.0,2.0,0.0,2.0,,,,
qSak1Hjfdq,6.5,Accept,4,4,3,3,3,4,5.0,Accept (Poster),Accept,YES,0.010314,0.0,4.0,6.0,4.0,6.0,,,
y7VeiCT7HG,5.5,Accept,4,4,3,3,4,4,3.0,Reject,Reject,NO,0.008627,0.0,4.0,2.0,2.0,4.0,,,
RpDJz00zNh,6.0,Accept,3,4,3,3,4,4,4.5,Reject,Reject,NO,0.023132,0.0,4.0,6.0,4.0,4.0,,,
cu6xWUNOzQ,7.0,Accept,3,4,4,4,3,4,6.67,Reject,Reject,NO,0.007895,0.0,10.0,4.0,6.0,,,,
FF9QVQduAu,6.5,Accept,3,4,3,3,4,4,5.0,Accept (Poster),Accept,YES,0.008413,0.0,2.0,6.0,4.0,8.0,,,
a3sRspQ62b,6.0,Accept,3,4,3,3,3,4,2.5,Reject,Reject,NO,0.008763,0.0,2.0,2.0,4.0,2.0,,,
2EQPpEZtEK,5.5,Accept,4,4,3,3,4,4,3.33,Reject,Reject,NO,0.018917,0.0,2.0,4.0,4.0,,,,
tucuU4sQ3s,7.0,Accept,3,4,3,3,4,4,5.5,Accept (Poster),Accept,YES,0.023101,0.0,4.0,6.0,6.0,6.0,,,
YADyx3ieUX,4.5,Reject,4,3,2,2,3,3,1.0,Withdrawn (treated as Reject),Reject,YES,0.008055,0.0,0.0,2.0,0.0,2.0,,,
eu3PwSle8J,6.0,Accept,3,4,3,3,4,4,4.67,Reject,Reject,NO,0.025009,0.0,6.0,4.0,4.0,,,,
yBpzF8hp3J,6.5,Accept,4,4,3,3,4,4,6.5,Accept (Oral),Accept,YES,0.008981,0.0,6.0,6.0,6.0,8.0,,,
bxZUPQbvp0,6.0,Accept,3,4,3,3,4,4,2.0,Reject,Reject,NO,0.007284,0.0,2.0,2.0,2.0,2.0,,,
pn2H6YeOv2,7.5,Accept,4,4,3,4,4,4,5.5,Accept (Poster),Accept,YES,0.008035,0.0,6.0,4.0,6.0,6.0,,,
7gLNA6nT5d,5.0,Reject,3,4,2,2,4,3,3.2,Reject,Reject,YES,0.007759,0.0,2.0,4.0,6.0,2.0,2.0,,
4hkMvkzai5,6.0,Accept,4,4,3,3,3,4,2.8,Reject,Reject,NO,0.007954,0.0,4.0,2.0,2.0,4.0,2.0,,
RDAhLHEHDm,5.5,Accept,3,4,3,3,4,4,6.5,Accept (Poster),Accept,NO,0.006806,0.0,8.0,6.0,6.0,6.0,,,
v05SW2X3IC,5.5,Accept,4,4,3,3,4,3,5.33,Accept (Poster),Accept,,0.0,0.0,6.0,6.0,4.0,,,,
XKLPlnfZzM,6.5,Accept,4,4,3,3,3,4,3.5,Reject,Reject,NO,0.007701,0.0,6.0,4.0,2.0,2.0,,,
khBHJz2wcV,7.0,Accept,4,4,3,3,4,4,3.0,Accept (Poster),Accept,YES,0.008186,0.0,0.0,2.0,6.0,4.0,,,
lWdxX5s9T1,7.0,Accept,4,4,3,3,4,4,4.5,Accept (Poster),Accept,YES,0.023989,0.0,4.0,6.0,4.0,4.0,,,
a7Qa4CcHak,6.5,Accept,3,4,4,3,3,4,7.33,Accept (Poster),Accept,YES,0.006572,0.0,8.0,6.0,8.0,,,,
XX5EZoe4ec,4.5,Reject,3,4,2,3,3,3,2.0,Reject,Reject,YES,0.008431,0.0,2.0,2.0,2.0,2.0,,,
IFCUMN8Fp1,5.5,Accept,4,4,3,3,3,3,4.5,Reject,Reject,NO,0.008741,0.0,4.0,6.0,2.0,6.0,,,
31CznLfRIS,6.0,Accept,4,4,3,3,4,4,4.5,Accept (Poster),Accept,NO,0.007755,0.0,4.0,4.0,6.0,4.0,,,
36CzrZYEch,6.5,Accept,4,4,3,3,3,4,4.0,Reject,Reject,NO,0.00934,0.0,2.0,2.0,6.0,6.0,,,
k6nTUFoqeT,7.5,Accept,4,4,3,4,3,4,6.5,Accept (Poster),Accept,YES,0.024325,0.0,6.0,8.0,4.0,8.0,,,
qCfYOLAzti,6.5,Accept,4,4,3,3,4,4,6.0,Accept (Poster),Accept,YES,0.009441,0.0,6.0,6.0,4.0,8.0,,,
a2XmC7rHIU,8.5,Accept,4,5,5,4,4,5,6.8,Accept (Poster),Accept,YES,0.007904,0.0,6.0,6.0,8.0,8.0,6.0,,
MrJoBgN1VO,5.0,Reject,3,4,2,3,2,4,5.5,Accept (Poster),Accept,YES,0.008936,0.0,6.0,6.0,4.0,6.0,,,
OuMNJoKJBQ,5.0,Reject,3,4,2,3,3,3,4.5,Accept (Poster),Accept,NO,0.009993,0.0,4.0,4.0,6.0,4.0,,,
N7ziRPTNdT,6.5,Accept,4,4,3,4,4,4,5.5,Reject,Reject,NO,0.022796,0.0,6.0,6.0,6.0,4.0,,,
LHSea6DI8U,6.0,Accept,3,4,3,3,4,4,6.0,Accept (Poster),Accept,YES,0.010271,0.0,6.0,8.0,4.0,,,,
KAZpuq2W4Y,5.0,Reject,3,4,3,3,3,3,2.67,Reject,Reject,YES,0.008022,0.0,2.0,4.0,2.0,,,,
WgMZPsdJmC,3.0,Reject,2,2,2,2,1,2,0.5,Reject,Reject,YES,0.006741,0.0,0.0,0.0,2.0,0.0,,,
ao7VBbvWIK,2.0,Reject,2,3,1,1,3,2,1.0,Withdrawn (treated as Reject),Reject,YES,0.005907,0.0,2.0,0.0,,,,,
zwfpyw345l,1.5,Reject,2,3,1,1,1,1,0.5,Reject,Reject,YES,0.005765,0.0,0.0,0.0,2.0,0.0,,,
m18MXVdrV9,7.5,Accept,4,4,3,4,4,4,5.5,Accept (Poster),Accept,,0.0,0.0,4.0,6.0,6.0,6.0,,,
bwtiK0yjuK,6.5,Accept,4,3,3,3,4,3,5.33,Accept (Poster),Accept,YES,0.009325,0.0,4.0,6.0,6.0,,,,
GMP1S4R6Ke,4.5,Reject,3,3,2,2,2,3,5.33,Accept (Poster),Accept,NO,0.008172,0.0,4.0,6.0,6.0,,,,
sSbEEHNEsL,7.5,Accept,3,4,4,4,4,4,8.0,Accept (Poster),Accept,YES,0.008532,0.0,8.0,8.0,8.0,8.0,,,
m7gNW26Zih,3.0,Reject,1,3,2,2,3,2,0.0,Withdrawn (treated as Reject),Reject,YES,0.005239,0.0,0.0,0.0,0.0,0.0,,,
zt7IPzsXrT,7.0,Accept,3,4,3,3,3,4,5.0,Accept (Poster),Accept,YES,0.022289,0.0,6.0,6.0,4.0,4.0,,,
Vgm77U4ojX,7.5,Accept,4,5,3,3,4,5,6.0,Accept (Poster),Accept,YES,0.009583,0.0,6.0,8.0,6.0,4.0,6.0,,
ZF0xRAdsuY,6.5,Accept,4,4,3,3,4,4,7.5,Accept (Poster),Accept,YES,0.007318,0.0,10.0,8.0,6.0,6.0,,,
USyGD0eUod,6.5,Accept,3,5,4,4,3,5,6.0,Accept (Poster),Accept,YES,0.006169,0.0,6.0,8.0,4.0,,,,
Gk7gLAtVDO,7.0,Accept,4,4,3,4,4,4,7.5,Accept (Oral),Accept,YES,0.022594,0.0,8.0,8.0,8.0,6.0,,,
qkKUG56s5r,4.5,Reject,3,4,2,2,3,3,1.33,Withdrawn (treated as Reject),Reject,YES,0.009143,0.0,2.0,0.0,2.0,,,,
Mz98kwANpF,6.5,Accept,4,4,3,3,3,4,4.5,Reject,Reject,NO,0.020244,0.0,4.0,4.0,4.0,6.0,,,
opU91paIvZ,4.5,Reject,3,4,2,2,3,3,3.33,Withdrawn (treated as Reject),Reject,YES,0.0213,0.0,6.0,2.0,2.0,,,,
mGeeRFToaW,6.0,Accept,4,4,3,3,3,4,5.2,Accept (Poster),Accept,YES,0.01993,0.0,6.0,2.0,4.0,8.0,6.0,,
X2yzXtH4wp,6.5,Accept,3,4,3,3,4,4,5.33,Accept (Poster),Accept,YES,0.007057,0.0,6.0,6.0,4.0,,,,
PFhrOUJZ5o,5.5,Borderline Accept,3,4,3,3,3,4,5.0,Reject,Reject,NO,0.022148,0.0,4.0,4.0,6.0,6.0,,,
NcvmuiLuZn,5.5,Reject,3,4,3,3,3,3,2.5,Reject,Reject,YES,0.00786,0.0,4.0,2.0,2.0,2.0,,,
lJ7zecny2e,6.5,Accept,4,4,3,3,4,4,5.0,Accept (Poster),Accept,YES,0.010287,0.0,6.0,6.0,4.0,8.0,4.0,2.0,
TADsPhlp32,4.5,Reject,3,4,2,2,3,3,2.5,Withdrawn (treated as Reject),Reject,YES,0.007738,0.0,2.0,2.0,2.0,4.0,,,
NfO2Lt2WY7,5.0,Accept,3,3,3,3,4,3,2.0,Reject,Reject,YES,0.007778,0.0,6.0,0.0,0.0,2.0,,,
UESTP6dR1K,6.0,Accept,4,4,3,3,4,4,6.5,Accept (Poster),Accept,YES,0.009255,0.0,6.0,6.0,6.0,8.0,,,
lJqssVKeR7,6.5,Accept,4,4,3,3,3,4,5.6,Accept (Poster),Accept,YES,0.009445,0.0,8.0,4.0,6.0,4.0,6.0,,
MPhnlqdU9Z,5.5,Accept,4,4,3,3,4,4,4.0,Reject,Reject,NO,0.009282,0.0,4.0,2.0,6.0,,,,
2uTxLC4LmC,6.5,Accept,4,4,3,3,4,4,5.0,Accept (Poster),Accept,YES,0.009173,0.0,2.0,4.0,6.0,8.0,,,
TjF9WLcu8o,2.0,Reject,2,3,1,1,1,1,0.0,Reject,Reject,YES,0.005449,0.0,0.0,0.0,0.0,0.0,,,
oh9ChF7Pv0,5.5,Reject,4,4,3,3,4,4,4.67,Accept (Poster),Accept,YES,0.010783,0.0,6.0,6.0,2.0,,,,
abgW71sKIt,5.5,Reject,3,4,3,3,3,3,2.5,Withdrawn (treated as Reject),Reject,YES,0.008125,0.0,2.0,2.0,4.0,2.0,,,
0nvQ5kHXf4,5.5,Accept,3,4,3,3,3,4,6.0,Accept (Oral),Accept,YES,0.007907,0.0,6.0,6.0,6.0,,,,
pNpnqsn0Si,5.5,Accept,4,3,2,3,3,3,3.0,Reject,Reject,NO,0.008298,0.0,4.0,2.0,4.0,2.0,,,
W42oLSwI9p,4.5,Reject,3,3,2,3,2,3,5.0,Reject,Reject,NO,0.010832,0.0,4.0,4.0,6.0,6.0,,,
HA8vzzT6Ax,7.5,Accept,4,4,4,4,4,4,6.67,Accept (Poster),Accept,YES,0.00867,0.0,6.0,6.0,8.0,6.0,8.0,6.0,
QIIrjgUnL1,3.5,Reject,2,3,2,2,3,2,3.0,Reject,Reject,YES,0.006842,0.0,2.0,2.0,2.0,6.0,,,
jZcWBV3Pis,5.5,Accept,3,4,3,4,4,3,3.0,Reject,Reject,YES,0.007561,0.0,2.0,2.0,2.0,6.0,,,
9h2c2rMSY1,5.5,Accept,3,3,3,4,3,4,3.33,Reject,Reject,NO,0.007411,0.0,2.0,2.0,6.0,,,,
yPfBP3EFGG,4.0,Reject,3,3,2,2,3,2,3.5,Reject,Reject,YES,0.009133,0.0,4.0,4.0,2.0,4.0,,,
FDlvVdh1sB,6.5,Accept,4,4,3,4,3,4,4.0,Reject,Reject,NO,0.009675,0.0,2.0,4.0,6.0,4.0,,,
A4Us8jxVGq,7.0,Accept,4,4,3,4,4,4,7.2,Accept (Oral),Accept,YES,0.007634,0.0,8.0,6.0,6.0,8.0,8.0,,
IU4rqTlpRb,6.0,Accept,4,4,3,3,4,4,5.33,Accept (Poster),Accept,YES,0.00779,0.0,6.0,6.0,4.0,,,,
cEXEmyW77N,6.5,Accept,3,4,4,3,4,4,5.0,Accept (Poster),Accept,YES,0.006754,0.0,4.0,6.0,6.0,4.0,,,
20DsUSauCj,7.0,Accept,4,5,3,3,4,4,3.33,Reject,Reject,NO,0.007409,0.0,2.0,4.0,4.0,,,,
rRB1bYErbL,6.5,Accept,3,4,3,3,4,4,6.0,Accept (Poster),Accept,YES,0.022563,0.0,6.0,6.0,6.0,6.0,,,
QnuJR7qA3z,5.5,Accept,3,4,3,3,4,4,4.5,Reject,Reject,NO,0.00767,0.0,6.0,6.0,2.0,4.0,,,
a4S1nQay3b,6.0,Accept,4,4,3,3,3,4,7.0,Accept (Oral),Accept,YES,0.010422,0.0,8.0,6.0,6.0,8.0,,,
ZBhZT307xx,6.0,Accept,3,4,3,3,4,4,3.0,Withdrawn (treated as Reject),Reject,NO,0.007704,0.0,4.0,2.0,4.0,2.0,,,
zS1bPtMlt9,6.5,Accept,3,4,3,3,4,3,6.0,Reject,Reject,,0.0,0.0,8.0,6.0,4.0,,,,
Ry8jLSYIUG,7.0,Accept,4,4,3,4,3,4,5.33,Reject,Reject,NO,0.008641,0.0,4.0,6.0,6.0,,,,
zKQSyT7a7n,6.5,Accept,4,4,3,3,4,4,6.0,Reject,Reject,NO,0.027291,0.0,6.0,8.0,4.0,6.0,,,
cP9ciYglnI,6.0,Accept,3,3,3,3,4,3,4.0,Reject,Reject,NO,0.019177,0.0,6.0,4.0,2.0,,,,
AB3jM3iMaW,7.0,Accept,4,4,3,3,4,4,5.0,Reject,Reject,NO,0.008993,0.0,8.0,2.0,4.0,6.0,,,
wA6dvVnKe8,5.5,Accept,3,4,3,3,3,4,3.0,Reject,Reject,NO,0.007477,0.0,2.0,2.0,6.0,2.0,,,
CQ0U1wZYoy,7.0,Accept,4,4,3,3,4,4,4.0,Accept (Poster),Accept,YES,0.009117,0.0,2.0,4.0,4.0,4.0,6.0,,
xFo13SaHQm,7.0,Accept,4,4,3,3,4,4,6.5,Accept (Poster),Accept,YES,0.00859,0.0,6.0,6.0,6.0,8.0,,,
dwgtYTuSaS,5.0,Reject,3,4,3,3,3,3,3.0,Withdrawn (treated as Reject),Reject,YES,0.00801,0.0,4.0,2.0,2.0,4.0,,,
Ir0HMkRpYb,5.5,Accept,3,4,3,3,2,4,7.0,Accept (Poster),Accept,YES,0.008887,0.0,8.0,6.0,8.0,6.0,,,
173Pq3F31r,6.0,Accept,4,4,3,3,4,4,5.5,Accept (Poster),Accept,YES,0.00752,0.0,8.0,8.0,4.0,2.0,,,
QryPmx2MNh,4.5,Reject,4,3,3,2,3,3,3.5,Withdrawn (treated as Reject),Reject,NO,0.008403,0.0,4.0,4.0,2.0,4.0,,,
0lW2UBiEWN,5.0,Reject,3,4,2,3,3,4,4.5,Reject,Reject,YES,0.008247,0.0,4.0,6.0,4.0,4.0,,,
YS4N1YxXSM,7.5,Accept,4,4,4,4,3,4,6.0,Accept (Poster),Accept,YES,0.027686,0.0,6.0,4.0,6.0,8.0,,,
b6miYNcjag,6.5,Accept,4,4,3,3,4,4,4.67,Reject,Reject,NO,0.023519,0.0,6.0,2.0,6.0,,,,
6P5sAycAQr,4.0,Reject,2,3,2,2,3,2,3.0,Reject,Reject,YES,0.007642,0.0,6.0,2.0,2.0,2.0,,,
4fm4Rc5fUK,5.5,Accept,4,4,3,3,4,4,4.67,Reject,Reject,NO,0.022203,0.0,2.0,6.0,6.0,,,,
U6ROetm5nW,7.0,Accept,4,3,3,4,3,3,4.5,Withdrawn (treated as Reject),Reject,NO,0.022592,0.0,8.0,6.0,2.0,2.0,,,
s7gSTR2AqA,7.5,Accept,4,4,3,4,4,4,6.0,Accept (Poster),Accept,YES,0.006284,0.0,4.0,8.0,6.0,,,,
oiz0QHejVj,5.5,Accept,3,3,3,3,3,3,4.5,Reject,Reject,YES,0.010161,0.0,4.0,6.0,4.0,4.0,,,
cSpjHOf04S,7.0,Accept,4,4,3,3,4,4,5.0,Accept (Poster),Accept,,0.0,0.0,2.0,4.0,8.0,6.0,,,
U2SJE6W3wT,6.0,Accept,3,4,3,3,4,4,5.5,Accept (Poster),Accept,YES,0.009569,0.0,4.0,6.0,6.0,6.0,,,
ahpO7S1Ppi,6.5,Accept,4,4,3,4,4,4,3.5,Reject,Reject,NO,0.008421,0.0,2.0,4.0,4.0,4.0,,,
SA8xDYrUYB,5.0,Reject,3,3,2,3,4,3,3.5,Accept (Poster),Accept,YES,0.007553,0.0,4.0,4.0,2.0,4.0,,,
IeNXtofK6T,6.5,Accept,3,4,4,4,4,4,3.5,Reject,Reject,NO,0.008123,0.0,2.0,6.0,2.0,4.0,,,
lSM6MtjQcM,6.0,Accept,3,4,3,3,3,4,5.5,Accept (Poster),Accept,YES,0.008119,0.0,2.0,6.0,10.0,4.0,,,
bhR00j6Mku,7.5,Accept,4,5,3,4,4,5,6.67,Accept (Poster),Accept,YES,0.009495,0.0,8.0,6.0,6.0,,,,
GFWfR4G5fm,6.5,Accept,4,4,3,3,3,4,4.5,Reject,Reject,NO,0.007807,0.0,4.0,4.0,2.0,8.0,,,
3icvqeC1sA,5.0,Reject,3,4,2,3,3,3,4.5,Reject,Reject,NO,0.00801,0.0,6.0,2.0,4.0,6.0,,,
1FCZ4f8dAY,6.5,Accept,4,4,3,4,3,4,7.0,Accept (Poster),Accept,YES,0.009699,0.0,10.0,4.0,8.0,6.0,,,
1E4Bltg6Xb,4.5,Reject,3,3,2,2,3,3,4.67,Accept (Poster),Accept,NO,0.008262,0.0,6.0,6.0,2.0,,,,
IvG90aRAL0,6.0,Accept,3,3,3,3,3,3,4.0,Reject,Reject,NO,0.009387,0.0,6.0,4.0,4.0,4.0,2.0,,
oGbzk8xuVT,6.0,Accept,4,4,3,3,3,4,4.0,Reject,Reject,YES,0.007143,0.0,2.0,6.0,4.0,4.0,,,
cZ74yWoKYr,7.0,Accept,3,4,3,3,3,4,5.0,Reject,Reject,,0.0,0.0,2.0,8.0,6.0,4.0,,,
Kw2mvnzCoc,6.0,Accept,4,4,3,3,4,4,4.5,Accept (Poster),Accept,YES,0.009201,0.0,6.0,6.0,4.0,2.0,,,
qclNnbjxNJ,6.5,Accept,4,4,3,3,4,4,7.5,Accept (Poster),Accept,YES,0.00926,0.0,8.0,8.0,8.0,6.0,,,
mDuTDAK6KU,3.5,Reject,3,4,2,2,4,2,4.0,Withdrawn (treated as Reject),Reject,YES,0.028044,0.0,2.0,8.0,2.0,4.0,,,
xDO0239YOm,3.0,Reject,3,4,1,2,3,2,1.33,Reject,Reject,NO,0.007177,0.0,2.0,0.0,2.0,,,,
ppXAVexrAM,5.5,Accept,4,3,3,3,3,3,4.0,Reject,Reject,YES,0.007271,0.0,4.0,4.0,6.0,2.0,,,
Y6lVVJHiwN,5.5,Accept,4,4,3,3,3,4,4.4,Reject,Reject,YES,0.009425,0.0,6.0,4.0,2.0,4.0,6.0,,
5qd7V5TNGV,5.5,Accept,4,4,2,3,4,3,5.0,Reject,Reject,YES,0.022317,0.0,4.0,6.0,2.0,8.0,,,
GRufFX1gAy,6.0,Accept,4,4,3,3,4,4,4.5,Accept (Poster),Accept,YES,0.007767,0.0,4.0,4.0,6.0,4.0,,,
wVGfJxM2Nz,4.0,Reject,2,4,3,3,4,3,2.0,Reject,Reject,YES,0.008008,0.0,2.0,2.0,2.0,2.0,,,
bhPaXhWVKG,5.5,Accept,3,4,3,3,4,3,5.33,Reject,Reject,NO,0.008848,0.0,6.0,6.0,4.0,,,,
rajioNWfRs,6.0,Accept,3,4,3,3,4,4,6.67,Accept (Poster),Accept,NO,0.00823,0.0,6.0,8.0,6.0,,,,
iIEEgI6WsF,6.5,Accept,4,4,3,3,3,4,5.5,Accept (Poster),Accept,YES,0.008185,0.0,6.0,2.0,8.0,6.0,,,
RNsydf7HB4,4.5,Reject,3,3,2,3,3,3,2.5,Reject,Reject,YES,0.008638,0.0,2.0,2.0,2.0,4.0,,,
dIOYpj9K8P,6.5,Accept,4,5,3,3,4,5,6.67,Accept (Poster),Accept,YES,0.023029,0.0,6.0,8.0,6.0,,,,
5Y4wvlp923,2.5,Reject,3,3,1,1,2,2,0.5,Reject,Reject,YES,0.006247,0.0,0.0,2.0,0.0,0.0,,,
05hNleYOcG,6.5,Accept,3,4,3,3,4,4,2.5,Accept (Poster),Accept,NO,0.008019,0.0,2.0,4.0,2.0,2.0,,,
W4FAenIrQ2,6.5,Accept,3,4,3,3,3,4,6.67,Accept (Poster),Accept,YES,0.010235,0.0,6.0,8.0,6.0,,,,
mHRuCmc9lo,7.5,Accept,4,4,4,4,5,4,7.33,Accept (Poster),Accept,YES,0.008147,0.0,6.0,8.0,8.0,,,,
8J3GTeQmwl,7.0,Accept,4,4,3,3,4,4,5.5,Accept (Poster),Accept,YES,0.007861,0.0,4.0,8.0,4.0,6.0,,,
ei1bRG971A,6.0,Accept,3,4,3,3,3,4,4.67,Accept (Poster),Accept,NO,0.025525,0.0,4.0,4.0,6.0,,,,
C6WWMryELL,5.0,Accept,3,4,3,3,3,4,5.5,Reject,Reject,NO,0.007103,0.0,6.0,4.0,6.0,6.0,,,
CTEXdHB1BB,5.5,Accept,3,4,3,3,3,4,5.0,Accept (Poster),Accept,YES,0.009787,0.0,6.0,4.0,2.0,8.0,,,
b6qQmQ2F13,6.5,Accept,3,5,3,3,3,4,5.0,Accept (Poster),Accept,YES,0.006913,0.0,2.0,6.0,6.0,6.0,,,
zNH3Sf404X,3.5,Reject,3,4,2,2,3,3,1.33,Reject,Reject,YES,0.019239,0.0,2.0,0.0,2.0,,,,
Pa6ak2B9jJ,5.0,Reject,3,4,2,3,3,4,5.33,Accept (Poster),Accept,YES,0.008913,0.0,6.0,6.0,4.0,,,,
JEYWpFGzvn,6.5,Accept,3,4,3,4,4,4,7.33,Accept (Oral),Accept,YES,0.021942,0.0,8.0,6.0,8.0,,,,
mkl9iIXIr2,6.5,Accept,4,4,3,4,4,3,5.33,Accept (Poster),Accept,YES,0.008498,0.0,4.0,6.0,6.0,,,,
7L7kmHHfgf,4.5,Reject,3,4,2,3,3,3,5.5,Accept (Poster),Accept,YES,0.010642,0.0,4.0,6.0,6.0,6.0,,,
yEpE0QPpf8,4.5,Reject,3,4,2,3,3,3,5.5,Accept (Poster),Accept,YES,0.026174,0.0,2.0,8.0,8.0,4.0,,,
VgVeQpagf7,7.0,Accept,4,4,3,4,3,4,4.67,Reject,Reject,,0.0,0.0,4.0,4.0,6.0,,,,
Bf4FeuW0Mr,8.0,Accept,4,4,4,4,4,4,7.0,Accept (Poster),Accept,YES,0.008203,0.0,6.0,6.0,8.0,8.0,,,
ocmGsqQWG2,5.5,Accept,3,4,2,3,3,4,2.0,Withdrawn (treated as Reject),Reject,YES,0.006221,0.0,2.0,2.0,2.0,2.0,,,
FkTEc3XEL6,2.5,Reject,2,3,1,1,2,2,0.5,Withdrawn (treated as Reject),Reject,YES,0.005794,0.0,0.0,0.0,2.0,0.0,,,
65Ai8mLfjI,6.5,Accept,3,4,3,4,4,4,5.5,Accept (Poster),Accept,YES,0.008508,0.0,4.0,8.0,6.0,4.0,,,
t33kMzEAg8,6.0,Accept,4,4,3,3,4,4,4.4,Accept (Poster),Accept,YES,0.008862,0.0,6.0,4.0,6.0,4.0,2.0,,
i9q9xDMjG7,5.0,Reject,3,4,2,3,3,4,6.5,Accept (Poster),Accept,NO,0.020529,0.0,8.0,6.0,6.0,6.0,,,
VjGU55hEwV,4.5,Reject,3,3,2,3,2,3,2.5,Reject,Reject,YES,0.008123,0.0,2.0,2.0,2.0,4.0,,,
0cbUKCyBsH,5.5,Accept,3,4,3,3,3,4,3.5,Reject,Reject,NO,0.008736,0.0,4.0,2.0,4.0,4.0,,,
piylyBPSau,6.5,Accept,4,4,3,3,3,4,4.0,Reject,Reject,NO,0.008919,0.0,2.0,4.0,4.0,6.0,,,
9wIVIjWn0F,4.5,Reject,3,3,2,2,3,3,5.5,Reject,Reject,NO,0.014502,0.0,8.0,2.0,6.0,6.0,,,
41JeFWdVFa,5.5,Accept,3,4,3,3,4,3,4.67,Reject,Reject,NO,0.01015,0.0,6.0,6.0,2.0,,,,
0xHWd4CUaX,3.5,Reject,3,4,2,2,2,2,2.0,Reject,Reject,YES,0.00587,0.0,0.0,2.0,4.0,2.0,,,
liDUSnwUVP,5.0,Reject,3,4,2,2,3,3,0.0,Reject,Reject,YES,0.007929,0.0,0.0,0.0,0.0,,,,
TjAhTNzRub,7.0,Accept,4,4,3,3,3,4,4.5,Reject,Reject,NO,0.014153,0.0,4.0,6.0,4.0,4.0,,,
CFuNu8dK4s,6.5,Accept,3,4,3,3,3,4,4.0,Reject,Reject,NO,0.006936,0.0,6.0,4.0,2.0,4.0,,,
6i1jVAYbHs,4.5,Reject,3,4,2,2,4,3,6.0,Accept (Poster),Accept,NO,0.008815,0.0,4.0,4.0,8.0,8.0,,,
x6bG2Hoqdf,6.5,Accept,4,4,3,3,4,4,5.5,Accept (Poster),Accept,YES,0.008535,0.0,8.0,2.0,8.0,4.0,,,
pI9n8wAR80,7.0,Accept,3,4,3,3,4,4,5.0,Accept (Poster),Accept,YES,0.010329,0.0,6.0,4.0,4.0,6.0,,,
SpUXijnBEg,5.5,Accept,3,3,3,3,3,3,3.5,Reject,Reject,NO,0.009221,0.0,4.0,2.0,6.0,2.0,,,
