paper_id,pred_score,pred_decision,gt_avg_score,gt_decision,gt_binary,match,cost,sdk_savings,gt_score_0,gt_score_1,gt_score_2,gt_score_3,gt_score_4,gt_score_5,gt_score_6
e9JphzQ5Gr,6.5,Accept,4.00,Reject,Reject,NO,0.0000,0.0000,6.0,2.0,6.0,4.0,2.0,,
OUQ8kLRK3m,6.0,Accept,4.00,Reject,Reject,NO,0.0000,0.0000,6.0,2.0,2.0,6.0,,,
2hTLJEgCbv,2.5,Reject,1.00,Reject,Reject,YES,0.0000,0.0000,0.0,0.0,2.0,2.0,,,
ngOOlatCK6,6.5,Accept,5.33,Reject,Reject,NO,0.0000,0.0000,6.0,6.0,4.0,,,,
sJxBWDc8SM,6.5,Accept,3.50,Reject,Reject,NO,0.0000,0.0000,2.0,2.0,4.0,6.0,,,
SkmkGKEZ1U,4.0,Reject,0.50,Reject,Reject,YES,0.0000,0.0000,0.0,0.0,2.0,0.0,,,
qPbDM5L8tE,5.5,Reject,2.50,Reject,Reject,YES,0.0000,0.0000,2.0,2.0,2.0,4.0,,,
e26MPyczN9,6.5,Accept,4.00,Reject,Reject,NO,0.0000,0.0000,4.0,4.0,4.0,6.0,2.0,,
Iq1fNZus2W,6.0,Accept,3.00,Withdrawn (treated as Reject),Reject,NO,0.0000,0.0000,2.0,2.0,4.0,4.0,,,
VmEkhV2yCX,6.0,Accept,5.00,Accept (Poster),Accept,YES,0.0000,0.0000,4.0,4.0,6.0,6.0,,,
RT5SlprCmc,6.5,Accept,4.50,Reject,Reject,NO,0.0000,0.0000,6.0,6.0,2.0,4.0,,,
Rt9SeEAMWv,6.0,Accept,4.80,Reject,Reject,NO,0.0000,0.0000,6.0,4.0,2.0,6.0,6.0,,
s7oURFZTQD,4.5,Reject,3.00,Reject,Reject,YES,0.0000,0.0000,2.0,2.0,4.0,4.0,,,
OPFE1zPYbU,4.5,Reject,1.00,Reject,Reject,YES,0.0000,0.0000,0.0,2.0,0.0,2.0,,,
1AYy3T3Xjk,5.0,Reject,2.50,Reject,Reject,YES,0.0000,0.0000,2.0,4.0,2.0,2.0,,,
bm3rbtEMFj,7.0,Accept,5.00,Accept (Poster),Accept,YES,0.0000,0.0000,6.0,6.0,4.0,4.0,,,
hQZQVLJrH9,5.5,Reject,4.50,Withdrawn (treated as Reject),Reject,YES,0.0000,0.0000,4.0,2.0,6.0,6.0,,,
2eAGrunxVz,6.5,Accept,7.50,Accept (Oral),Accept,YES,0.0000,0.0000,8.0,8.0,8.0,6.0,,,
wkVsKDnl4s,5.5,Reject,1.00,Reject,Reject,YES,0.0000,0.0000,2.0,0.0,2.0,0.0,,,
gubSyVxWdG,6.5,Accept,6.00,Accept (Poster),Accept,YES,0.0000,0.0000,8.0,2.0,8.0,6.0,,,
5o0zF03RP9,3.5,Reject,0.50,Withdrawn (treated as Reject),Reject,YES,0.0000,0.0000,2.0,0.0,0.0,0.0,,,
SzXDuBN8M1,7.0,Accept,7.50,Accept (Oral),Accept,YES,0.0000,0.0000,8.0,8.0,6.0,8.0,,,
70n4clRSTj,6.5,Accept,3.50,Withdrawn (treated as Reject),Reject,NO,0.0000,0.0000,2.0,2.0,8.0,2.0,,,
OAXECnLxuk,7.0,Accept,5.50,Accept (Poster),Accept,YES,0.0000,0.0000,6.0,4.0,6.0,6.0,,,
omg9K6lI93,4.5,Reject,1.00,Reject,Reject,YES,0.0000,0.0000,2.0,0.0,2.0,0.0,,,
FEqZmGl36g,7.0,Accept,4.80,Reject,Reject,NO,0.0000,0.0000,6.0,4.0,2.0,6.0,6.0,,
Vit5M0G5Gb,7.0,Accept,6.00,Accept (Poster),Accept,YES,0.0000,0.0000,8.0,6.0,4.0,6.0,6.0,,
Vsgq2ldr4K,6.0,Accept,7.50,Accept (Oral),Accept,YES,0.0000,0.0000,8.0,8.0,6.0,8.0,,,
ulXBsAYSwU,5.5,Reject,1.33,Withdrawn (treated as Reject),Reject,YES,0.0000,0.0000,2.0,2.0,0.0,,,,
1PIfB5w05x,7.0,Accept,7.50,Accept (Poster),Accept,YES,0.0000,0.0000,8.0,8.0,8.0,6.0,,,
32mrjmaeMP,7.0,Accept,4.50,Accept (Poster),Accept,YES,0.0000,0.0000,6.0,6.0,4.0,2.0,,,
nHrYBGujps,7.0,Accept,7.50,Accept (Oral),Accept,YES,0.0000,0.0000,6.0,8.0,8.0,8.0,,,
CrCPeM5fRB,5.0,Reject,3.50,Reject,Reject,YES,0.0000,0.0000,4.0,2.0,4.0,4.0,,,
pbbRmnFkjG,6.5,Accept,6.50,Accept (Poster),Accept,YES,0.0000,0.0000,8.0,4.0,8.0,6.0,,,
JhziZbaefH,5.0,Reject,2.50,Withdrawn (treated as Reject),Reject,YES,0.0000,0.0000,2.0,2.0,4.0,2.0,,,
b8TlYh6PN6,7.5,Accept,8.00,Accept (Oral),Accept,YES,0.0000,0.0000,8.0,8.0,8.0,8.0,,,
khHNHzRjMy,5.0,Reject,3.00,Reject,Reject,YES,0.0000,0.0000,6.0,2.0,2.0,2.0,,,
gTMzRm8fb0,6.5,Accept,5.00,Accept (Poster),Accept,YES,0.0000,0.0000,4.0,8.0,4.0,4.0,,,
KsmTaPygR9,6.5,Accept,5.50,Accept (Poster),Accept,YES,0.0000,0.0000,4.0,8.0,6.0,4.0,,,
TX4k7BF6aO,6.5,Accept,5.33,Accept (Poster),Accept,YES,0.0000,0.0000,4.0,4.0,8.0,,,,
GiaF5cFIpI,5.5,Reject,3.50,Reject,Reject,YES,0.0000,0.0000,6.0,2.0,4.0,2.0,,,
7yvz93kBw9,6.0,Accept,6.00,Accept (Poster),Accept,YES,0.0000,0.0000,6.0,6.0,6.0,,,,
MwuSvrthXq,7.0,Accept,4.00,Reject,Reject,NO,0.0000,0.0000,6.0,4.0,2.0,4.0,,,
4Mvdn1m861,5.5,Reject,3.50,Reject,Reject,YES,0.0000,0.0000,2.0,4.0,4.0,4.0,,,
IHyY6vdYZw,6.5,Accept,5.00,Accept (Poster),Accept,YES,0.0000,0.0000,4.0,8.0,2.0,6.0,,,
WxTlAbRUE6,6.5,Accept,2.50,Reject,Reject,NO,0.0000,0.0000,2.0,4.0,2.0,2.0,,,
c339hUw3cy,6.5,Accept,4.00,Reject,Reject,NO,0.0000,0.0000,6.0,2.0,6.0,2.0,,,
NlHHlqP1zk,5.0,Reject,4.67,Reject,Reject,YES,0.0000,0.0000,2.0,6.0,6.0,,,,
0zKfU1rsXd,7.0,Accept,5.00,Accept (Poster),Accept,YES,0.0000,0.0000,4.0,4.0,6.0,6.0,,,
0aBAAS0rRT,6.0,Reject,5.33,Accept (Poster),Accept,NO,0.0000,0.0000,6.0,4.0,6.0,,,,
1CR1MTIgmq,4.0,Reject,0.00,Reject,Reject,YES,0.0000,0.0000,0.0,0.0,0.0,,,,
3YKeB9R1g9,7.0,Accept,8.00,Accept (Poster),Accept,YES,0.0000,0.0000,8.0,8.0,8.0,,,,
IdJakw2jta,5.5,Accept,4.50,Withdrawn (treated as Reject),Reject,NO,0.0000,0.0000,4.0,6.0,4.0,4.0,,,
FlcMckO6x5,6.5,Accept,6.00,Accept (Poster),Accept,YES,0.0000,0.0000,6.0,8.0,4.0,6.0,,,
jLO4pSi5Pt,6.5,Accept,5.00,Accept (Poster),Accept,YES,0.0000,0.0000,4.0,6.0,4.0,6.0,,,
BGEdvJ35PV,6.5,Accept,3.33,Reject,Reject,NO,0.0000,0.0000,4.0,2.0,4.0,,,,
NIvqiJ8R4J,5.0,Reject,5.00,Reject,Reject,YES,0.0000,0.0000,4.0,6.0,2.0,8.0,,,
HHYd4Pz5Lp,6.5,Accept,1.33,Withdrawn (treated as Reject),Reject,NO,0.0000,0.0000,0.0,2.0,2.0,,,,
3wMdHl7JQ6,5.0,Reject,1.00,Reject,Reject,YES,0.0000,0.0000,2.0,0.0,0.0,2.0,,,
RtS4UqSmNt,7.0,Accept,6.50,Accept (Oral),Accept,YES,0.0000,0.0000,8.0,2.0,8.0,8.0,,,
rzGEfYr2ZC,6.0,Accept,0.00,Reject,Reject,NO,0.0000,0.0000,0.0,0.0,0.0,,,,
JEN4nsDgh9,5.5,Reject,3.50,Reject,Reject,YES,0.0000,0.0000,4.0,4.0,2.0,4.0,,,
3V559xWIWc,7.0,Accept,4.50,Reject,Reject,NO,0.0000,0.0000,4.0,6.0,6.0,2.0,,,
R8y089OGoo,7.0,Accept,5.00,Accept (Poster),Accept,YES,0.0000,0.0000,4.0,4.0,6.0,6.0,,,
rI2Fa13fUL,6.5,Accept,5.00,Reject,Reject,NO,0.0000,0.0000,6.0,6.0,4.0,4.0,,,
Xpj0yeMhpz,7.0,Accept,7.00,Accept (Poster),Accept,YES,0.0000,0.0000,4.0,6.0,8.0,10.0,,,
kpLRYtPGt3,7.5,Accept,7.00,Accept (Oral),Accept,YES,0.0000,0.0000,6.0,8.0,6.0,8.0,,,
Wes9HF3ppt,6.0,Accept,5.00,Reject,Reject,NO,0.0000,0.0000,4.0,6.0,6.0,4.0,,,
c2ozZYoZFd,7.0,Accept,2.67,Reject,Reject,NO,0.0000,0.0000,2.0,4.0,2.0,,,,
blFpxJ3A08,4.0,Reject,1.00,Withdrawn (treated as Reject),Reject,YES,0.0000,0.0000,2.0,2.0,0.0,0.0,,,
4Nsx2kZkex,5.0,Reject,1.00,Reject,Reject,YES,0.0000,0.0000,0.0,2.0,0.0,2.0,,,
crKJJ4Ej60,6.5,Accept,5.33,Accept (Poster),Accept,YES,0.0000,0.0000,4.0,6.0,6.0,,,,
Me0n0iESJY,6.0,Accept,6.00,Accept (Poster),Accept,YES,0.0000,0.0000,4.0,8.0,8.0,4.0,,,
XHzrBDzKaX,6.5,Accept,5.00,Reject,Reject,NO,0.0000,0.0000,4.0,8.0,4.0,4.0,,,
jJedqisfOt,6.0,Accept,5.00,Accept (Poster),Accept,YES,0.0000,0.0000,6.0,2.0,6.0,6.0,,,
6rz7VyAatm,6.5,Accept,3.50,Reject,Reject,NO,0.0000,0.0000,0.0,6.0,2.0,6.0,,,
Y9TgNFsNyP,5.5,Reject,5.50,Reject,Reject,YES,0.0000,0.0000,6.0,4.0,4.0,8.0,,,
Dxb9zYD23D,6.5,Accept,3.50,Withdrawn (treated as Reject),Reject,NO,0.0000,0.0000,4.0,4.0,2.0,4.0,,,
ck0aZTAnwK,7.0,Accept,7.50,Accept (Oral),Accept,YES,0.0000,0.0000,6.0,8.0,8.0,8.0,,,
aiM6bRd6bG,6.0,Accept,4.00,Reject,Reject,NO,0.0000,0.0000,4.0,2.0,6.0,4.0,,,
v4bQPw4aTW,5.5,Reject,4.50,Reject,Reject,YES,0.0000,0.0000,6.0,4.0,4.0,4.0,,,
tswBfpkwHn,6.5,Accept,5.00,Reject,Reject,NO,0.0000,0.0000,6.0,4.0,6.0,4.0,,,
JjJzbMDGsx,6.0,Accept,7.00,Accept (Poster),Accept,YES,0.0000,0.0000,8.0,6.0,6.0,8.0,,,
vPSiCA3CkD,7.0,Accept,7.50,Accept (Poster),Accept,YES,0.0000,0.0000,8.0,10.0,6.0,6.0,,,
RlMCc0JTu4,2.5,Reject,0.00,Reject,Reject,YES,0.0000,0.0000,0.0,0.0,0.0,0.0,,,
yR5QX5cTEy,7.5,Accept,5.00,Reject,Reject,NO,0.0000,0.0000,4.0,6.0,8.0,2.0,,,
TgLW2DiRDG,7.0,Accept,7.50,Accept (Oral),Accept,YES,0.0000,0.0000,8.0,6.0,8.0,8.0,,,
wSbVv6xaRr,7.0,Accept,4.00,Withdrawn (treated as Reject),Reject,NO,0.0000,0.0000,4.0,4.0,4.0,,,,
Xn33bU71m4,4.0,Reject,1.33,Withdrawn (treated as Reject),Reject,YES,0.0000,0.0000,2.0,2.0,0.0,,,,
bH5M0ts8Y6,6.0,Accept,5.00,Accept (Poster),Accept,YES,0.0000,0.0000,4.0,8.0,4.0,4.0,,,
lbLAgGF8OO,7.0,Accept,7.50,Accept (Poster),Accept,YES,0.0000,0.0000,8.0,6.0,8.0,8.0,,,
0obDxMfeYu,7.0,Accept,3.20,Reject,Reject,NO,0.0000,0.0000,2.0,2.0,4.0,2.0,6.0,,
KDIgNmK8YT,4.5,Reject,2.50,Reject,Reject,YES,0.0000,0.0000,2.0,2.0,4.0,2.0,,,
x6iodYWNty,7.0,Accept,5.33,Accept (Poster),Accept,YES,0.0000,0.0000,6.0,6.0,4.0,,,,
N8ntZEb4Ap,5.5,Reject,2.33,Withdrawn (treated as Reject),Reject,YES,0.0000,0.0000,2.0,0.0,2.0,2.0,4.0,4.0,
d2pUyiXwcm,7.0,Accept,4.50,Accept (Poster),Accept,YES,0.0000,0.0000,4.0,2.0,8.0,4.0,,,
GMlZt4fZSY,7.0,Accept,7.00,Accept (Poster),Accept,YES,0.0000,0.0000,6.0,8.0,8.0,6.0,,,
ngfIm9aPsH,6.0,Accept,5.50,Accept (Poster),Accept,YES,0.0000,0.0000,4.0,6.0,6.0,6.0,,,
YETCQLcKtn,7.0,Accept,4.50,Accept (Poster),Accept,YES,0.0000,0.0000,4.0,4.0,2.0,8.0,,,
mytIKuRsSE,7.0,Accept,7.50,Accept (Oral),Accept,YES,0.0000,0.0000,8.0,8.0,6.0,8.0,,,
2cq8FyBfDk,6.5,Accept,3.20,Reject,Reject,NO,0.0000,0.0000,2.0,0.0,4.0,4.0,6.0,,
kMfVTka2WB,3.0,Reject,2.00,Reject,Reject,YES,0.0000,0.0000,2.0,2.0,2.0,2.0,,,
YvMkU4BYOA,6.0,Reject,2.00,Reject,Reject,YES,0.0000,0.0000,2.0,2.0,2.0,2.0,,,
pW6rFymZ8F,6.5,Accept,5.00,Reject,Reject,NO,0.0000,0.0000,6.0,6.0,4.0,4.0,,,
P1qlqfRtgo,4.5,Reject,2.00,Withdrawn (treated as Reject),Reject,YES,0.0000,0.0000,2.0,2.0,2.0,2.0,,,
doxBjZ88H3,7.0,Accept,4.50,Accept (Poster),Accept,YES,0.0000,0.0000,6.0,6.0,2.0,4.0,,,
AdfEHMueyc,5.5,Reject,1.50,Reject,Reject,YES,0.0000,0.0000,0.0,2.0,4.0,0.0,,,
Rj5ZJk956j,6.0,Accept,4.67,Reject,Reject,NO,0.0000,0.0000,4.0,2.0,8.0,,,,
dCtkwjkK0E,5.0,Reject,2.00,Reject,Reject,YES,0.0000,0.0000,2.0,2.0,2.0,2.0,,,
Q5SSA6IonA,5.5,Reject,5.00,Reject,Reject,YES,0.0000,0.0000,6.0,4.0,4.0,6.0,,,
ZKkeA1G935,6.0,Accept,4.00,Reject,Reject,NO,0.0000,0.0000,4.0,4.0,4.0,2.0,6.0,,
4nOZBufbLC,7.0,Accept,5.60,Accept (Poster),Accept,YES,0.0000,0.0000,4.0,6.0,6.0,4.0,8.0,,
0TmVqOpBbK,6.0,Accept,6.50,Accept (Poster),Accept,YES,0.0000,0.0000,6.0,8.0,4.0,8.0,,,
wUzBBsrdB1,7.0,Accept,5.00,Reject,Reject,NO,0.0000,0.0000,8.0,4.0,6.0,2.0,,,
5T1vMQldr8,5.5,Reject,4.00,Reject,Reject,YES,0.0000,0.0000,4.0,4.0,4.0,,,,
zftquoHTgS,7.0,Accept,4.00,Reject,Reject,NO,0.0000,0.0000,8.0,2.0,4.0,2.0,,,
yBFXOZPESZ,6.5,Accept,4.00,Reject,Reject,NO,0.0000,0.0000,4.0,6.0,4.0,2.0,4.0,,
EbSkBZQF9g,3.0,Reject,0.50,Reject,Reject,YES,0.0000,0.0000,0.0,0.0,2.0,0.0,,,
0K4jNe8ik9,4.5,Reject,1.00,Withdrawn (treated as Reject),Reject,YES,0.0000,0.0000,0.0,0.0,2.0,2.0,,,
c2ozZYoZFd,6.5,Accept,2.67,Reject,Reject,NO,0.0000,0.0000,2.0,4.0,2.0,,,,
t5Nd4HiI3E,8.0,Accept,4.00,Reject,Reject,NO,0.0000,0.0000,4.0,2.0,4.0,6.0,,,
ZNAY3ivd62,6.0,Accept,4.00,Reject,Reject,NO,0.0000,0.0000,2.0,4.0,6.0,4.0,,,
R0ZKcQlF2C,5.5,Reject,4.00,Reject,Reject,YES,0.0000,0.0000,4.0,2.0,6.0,,,,
5DpzzTPnJZ,7.0,Accept,5.00,Accept (Poster),Accept,YES,0.0000,0.0000,6.0,4.0,4.0,6.0,,,
VFaYukYt6K,6.5,Accept,3.33,Reject,Reject,NO,0.0000,0.0000,2.0,4.0,4.0,,,,
GiItKTlJIB,5.5,Reject,3.00,Withdrawn (treated as Reject),Reject,YES,0.0000,0.0000,2.0,4.0,2.0,4.0,,,
q0UEl3xAIZ,4.5,Reject,1.33,Reject,Reject,YES,0.0000,0.0000,0.0,2.0,2.0,,,,
0JLUFJMo5p,3.0,Reject,1.00,Reject,Reject,YES,0.0000,0.0000,0.0,2.0,0.0,2.0,,,
23Ea4fVGiI,4.5,Reject,0.67,Reject,Reject,YES,0.0000,0.0000,2.0,0.0,0.0,,,,
BzqkbJTsbq,5.5,Accept,3.50,Reject,Reject,NO,0.0000,0.0000,4.0,2.0,4.0,4.0,,,
ey7CXUBn1g,6.0,Reject,3.00,Withdrawn (treated as Reject),Reject,YES,0.0000,0.0000,2.0,2.0,4.0,4.0,,,
55GsILa8c9,6.5,Accept,6.00,Reject,Reject,NO,0.0000,0.0000,6.0,4.0,6.0,8.0,,,
heVn5cNfje,6.5,Accept,3.50,Reject,Reject,NO,0.0000,0.0000,4.0,2.0,4.0,4.0,,,
UDIYU1X3vC,7.0,Accept,4.80,Accept (Poster),Accept,YES,0.0000,0.0000,6.0,6.0,4.0,6.0,2.0,,
Olc7XhgstJ,6.0,Accept,4.00,Reject,Reject,NO,0.0000,0.0000,2.0,4.0,4.0,6.0,,,
O75R5yyw4R,6.5,Accept,4.67,Reject,Reject,NO,0.0000,0.0000,4.0,4.0,6.0,,,,
ZMzha5gbnF,7.0,Accept,7.00,Accept (Poster),Accept,YES,0.0000,0.0000,6.0,6.0,8.0,8.0,,,
UJ2UUjT2ko,7.0,Accept,8.00,Accept (Poster),Accept,YES,0.0000,0.0000,8.0,8.0,8.0,,,,
ecbEfXdqrV,7.0,Accept,3.00,Reject,Reject,NO,0.0000,0.0000,2.0,4.0,4.0,2.0,,,
iaoAKDRAJQ,7.0,Accept,6.00,Accept (Poster),Accept,YES,0.0000,0.0000,8.0,4.0,6.0,6.0,,,
sh1hWO9RHo,6.0,Accept,4.50,Reject,Reject,NO,0.0000,0.0000,4.0,4.0,6.0,4.0,,,
zqA7Q9Q21L,6.5,Accept,5.60,Accept (Poster),Accept,YES,0.0000,0.0000,8.0,4.0,4.0,8.0,4.0,,
xVB9AivJa5,5.5,Accept,1.33,Reject,Reject,NO,0.0000,0.0000,0.0,2.0,2.0,,,,
ikthqd3qF4,6.5,Accept,2.50,Reject,Reject,NO,0.0000,0.0000,2.0,4.0,4.0,0.0,,,
Pxd5mjwznl,2.5,Reject,0.00,Reject,Reject,YES,0.0000,0.0000,0.0,0.0,0.0,,,,
CNrU5kGJYG,6.0,Accept,5.50,Accept (Poster),Accept,YES,0.0000,0.0000,6.0,6.0,4.0,6.0,,,
vGkXf8nvt9,6.0,Accept,4.67,Reject,Reject,NO,0.0000,0.0000,4.0,6.0,4.0,,,,
GODFBZhFcX,7.0,Accept,4.50,Accept (Poster),Accept,YES,0.0000,0.0000,6.0,2.0,6.0,4.0,,,
XIAta0WOJ6,7.0,Accept,6.00,Accept (Poster),Accept,YES,0.0000,0.0000,8.0,6.0,6.0,4.0,,,
LD6B7AvkZq,6.0,Accept,3.00,Reject,Reject,NO,0.0000,0.0000,4.0,4.0,2.0,2.0,,,
4Ha2srdhPN,6.5,Accept,4.50,Reject,Reject,NO,0.0000,0.0000,2.0,8.0,2.0,6.0,,,
WhO6Km5Rku,5.0,Reject,4.00,Withdrawn (treated as Reject),Reject,YES,0.0000,0.0000,4.0,4.0,2.0,6.0,,,
r5jxDjYeO4,6.0,Accept,4.50,Reject,Reject,NO,0.0000,0.0000,4.0,4.0,4.0,6.0,,,
MQmrcX5jnk,7.0,Accept,6.00,Accept (Poster),Accept,YES,0.0000,0.0000,6.0,8.0,8.0,6.0,2.0,,
8KcjEygedc,7.0,Accept,7.50,Accept (Poster),Accept,YES,0.0000,0.0000,8.0,8.0,6.0,8.0,,,
WwDNiisZQm,6.5,Accept,4.00,Accept (Poster),Accept,YES,0.0000,0.0000,6.0,2.0,4.0,4.0,,,
SsUjdSVdUl,7.0,Accept,5.00,Accept (Poster),Accept,YES,0.0000,0.0000,6.0,4.0,4.0,6.0,,,
M14YpuTejd,6.0,Accept,4.00,Withdrawn (treated as Reject),Reject,NO,0.0000,0.0000,6.0,2.0,4.0,,,,
DAPcmFcqgd,5.0,Reject,1.00,Reject,Reject,YES,0.0000,0.0000,2.0,2.0,0.0,0.0,,,
Rip3EJc4nx,6.0,Reject,4.00,Reject,Reject,YES,0.0000,0.0000,4.0,4.0,4.0,4.0,,,
iDki7djO2K,6.0,Accept,4.00,Reject,Reject,NO,0.0000,0.0000,4.0,4.0,4.0,4.0,,,
fD9YRHazW3,5.5,Reject,5.50,Accept (Poster),Accept,NO,0.0000,0.0000,2.0,8.0,6.0,6.0,,,
Ksvv8x00eo,6.5,Accept,3.50,Withdrawn (treated as Reject),Reject,NO,0.0000,0.0000,6.0,2.0,4.0,2.0,,,
JdVTWjjnR6,5.5,Reject,5.00,Reject,Reject,YES,0.0000,0.0000,6.0,6.0,4.0,6.0,6.0,2.0,
2PJkG6aV4A,6.5,Accept,6.00,Reject,Reject,NO,0.0000,0.0000,4.0,8.0,8.0,4.0,,,
8ZQ0HjBOEc,6.0,Accept,4.00,Reject,Reject,NO,0.0000,0.0000,2.0,4.0,4.0,6.0,,,
5SQo2E9Ujj,3.0,Reject,0.00,Withdrawn (treated as Reject),Reject,YES,0.0000,0.0000,0.0,0.0,0.0,0.0,0.0,,
rBj2iVyrhh,6.0,Accept,2.00,Reject,Reject,NO,0.0000,0.0000,2.0,2.0,2.0,2.0,,,
YuxgSGFaqb,5.5,Reject,6.00,Accept (Oral),Accept,NO,0.0000,0.0000,6.0,8.0,4.0,6.0,,,
VSDV0SWwOC,6.0,Accept,6.67,Accept (Poster),Accept,YES,0.0000,0.0000,8.0,4.0,8.0,,,,
1EdAn5gMVv,6.5,Accept,5.00,Reject,Reject,NO,0.0000,0.0000,6.0,8.0,2.0,4.0,,,
9X2NfyZpR2,6.0,Accept,3.00,Reject,Reject,NO,0.0000,0.0000,2.0,4.0,2.0,4.0,,,
1j0ormf8uI,6.5,Accept,5.20,Accept (Poster),Accept,YES,0.0000,0.0000,8.0,4.0,6.0,6.0,2.0,,
nxmBUymHIQ,6.0,Accept,4.50,Reject,Reject,NO,0.0000,0.0000,4.0,2.0,4.0,8.0,,,
Hf7jMztvve,5.0,Reject,4.67,Reject,Reject,YES,0.0000,0.0000,2.0,6.0,6.0,,,,
DZUehXNiBn,6.5,Accept,4.00,Withdrawn (treated as Reject),Reject,NO,0.0000,0.0000,4.0,2.0,4.0,6.0,,,
Rd0yhdfueL,4.5,Reject,1.00,Reject,Reject,YES,0.0000,0.0000,2.0,0.0,0.0,2.0,,,
2za3iNkwXn,6.5,Accept,4.40,Accept (Poster),Accept,YES,0.0000,0.0000,4.0,4.0,4.0,4.0,6.0,,
eETr3lrOQB,6.5,Accept,4.50,Accept (Poster),Accept,YES,0.0000,0.0000,4.0,8.0,2.0,4.0,,,
beV5wMTRIq,5.0,Reject,2.00,Withdrawn (treated as Reject),Reject,YES,0.0000,0.0000,2.0,2.0,2.0,2.0,,,
KsWRLyIAKP,5.0,Reject,3.20,Withdrawn (treated as Reject),Reject,YES,0.0000,0.0000,4.0,2.0,2.0,4.0,4.0,,
IOKftyz5iP,5.0,Reject,3.00,Withdrawn (treated as Reject),Reject,YES,0.0000,0.0000,2.0,4.0,2.0,4.0,,,
4S5x8yhJ5H,5.0,Reject,0.00,Withdrawn (treated as Reject),Reject,YES,0.0000,0.0000,0.0,0.0,0.0,,,,
dbYvP2BKCM,4.5,Reject,3.50,Reject,Reject,YES,0.0000,0.0000,4.0,2.0,6.0,2.0,,,
Yo7eG3lC3y,6.5,Accept,4.50,Reject,Reject,NO,0.0000,0.0000,6.0,6.0,4.0,2.0,,,
OJupg4mDjS,6.5,Accept,7.00,Accept (Oral),Accept,YES,0.0000,0.0000,4.0,8.0,6.0,10.0,,,
BiXwSIIMIq,6.5,Accept,4.50,Accept (Poster),Accept,YES,0.0000,0.0000,6.0,4.0,4.0,4.0,,,
VK5G3Ff4Ty,3.5,Reject,2.50,Reject,Reject,YES,0.0000,0.0000,2.0,6.0,0.0,2.0,,,
fBc9v8CVvm,7.0,Accept,5.33,Accept (Poster),Accept,YES,0.0000,0.0000,6.0,6.0,4.0,,,,
H1s6SBhzlg,6.5,Accept,4.00,Reject,Reject,NO,0.0000,0.0000,4.0,4.0,4.0,4.0,,,
D5PJX02Jki,5.5,Reject,6.00,Accept (Poster),Accept,NO,0.0000,0.0000,8.0,6.0,4.0,6.0,,,
QSPKIO3XV8,5.5,Reject,3.00,Reject,Reject,YES,0.0000,0.0000,0.0,4.0,4.0,4.0,,,
6RQsAQEUib,5.5,Reject,4.00,Withdrawn (treated as Reject),Reject,YES,0.0000,0.0000,6.0,2.0,2.0,6.0,,,
6Y9NP1qhoM,6.0,Accept,5.00,Accept (Poster),Accept,YES,0.0000,0.0000,4.0,6.0,8.0,2.0,,,
5asbtzIVpS,7.0,Accept,5.50,Accept (Poster),Accept,YES,0.0000,0.0000,4.0,6.0,4.0,8.0,,,
nnwvwge40d,6.5,Accept,4.00,Accept (Poster),Accept,YES,0.0000,0.0000,4.0,2.0,4.0,6.0,,,
nzkObUsajY,6.0,Reject,4.00,Reject,Reject,YES,0.0000,0.0000,2.0,4.0,6.0,4.0,,,
r5Ii1GTEWj,4.0,Reject,2.00,Reject,Reject,YES,0.0000,0.0000,2.0,2.0,2.0,2.0,,,
yjrVOxjkDR,7.0,Accept,7.50,Accept (Poster),Accept,YES,0.0000,0.0000,8.0,8.0,6.0,8.0,,,
BDNctVKwuD,7.0,Accept,1.33,Reject,Reject,NO,0.0000,0.0000,2.0,2.0,0.0,,,,
DB2KJKFX0d,6.0,Accept,3.50,Reject,Reject,NO,0.0000,0.0000,6.0,4.0,2.0,2.0,,,
O6n4dgTBBL,2.0,Reject,0.67,Withdrawn (treated as Reject),Reject,YES,0.0000,0.0000,0.0,0.0,2.0,,,,
txiGUfI4yF,6.5,Accept,7.33,Accept (Poster),Accept,YES,0.0000,0.0000,6.0,10.0,6.0,,,,
GE0b5aQAvm,4.5,Reject,2.67,Reject,Reject,YES,0.0000,0.0000,2.0,4.0,2.0,,,,
5H8kxW0Efk,6.5,Accept,4.00,Reject,Reject,NO,0.0000,0.0000,6.0,4.0,2.0,,,,
klB3AvQZqJ,6.0,Accept,3.50,Reject,Reject,NO,0.0000,0.0000,4.0,2.0,4.0,4.0,,,
j3htU5i01r,7.0,Accept,4.00,Reject,Reject,NO,0.0000,0.0000,2.0,2.0,8.0,4.0,,,
ZZFNyU3ZSo,6.0,Accept,4.67,Reject,Reject,NO,0.0000,0.0000,4.0,4.0,6.0,,,,
VbTLgEUocp,6.0,Reject,7.00,Accept (Poster),Accept,NO,0.0000,0.0000,6.0,8.0,8.0,6.0,,,
4VW9HVCRw0,6.5,Accept,7.00,Accept (Poster),Accept,YES,0.0000,0.0000,8.0,8.0,6.0,6.0,,,
0kHbD6ad07,7.0,Accept,5.00,Accept (Poster),Accept,YES,0.0000,0.0000,4.0,4.0,6.0,6.0,,,
uXecy0nKiJ,7.0,Accept,4.50,Reject,Reject,NO,0.0000,0.0000,4.0,2.0,6.0,6.0,,,
RNe17WTR38,6.5,Accept,2.00,Reject,Reject,NO,0.0000,0.0000,2.0,2.0,2.0,2.0,,,
cVX3VqO8BO,5.5,Reject,5.50,Accept (Poster),Accept,NO,0.0000,0.0000,6.0,2.0,8.0,6.0,,,
6vX0LH9Yt7,5.5,Reject,3.00,Reject,Reject,YES,0.0000,0.0000,4.0,4.0,2.0,2.0,,,
HwyYpLxY0G,5.5,Reject,0.50,Reject,Reject,YES,0.0000,0.0000,2.0,0.0,0.0,0.0,,,
c7OsKOOZo8,6.5,Accept,4.50,Withdrawn (treated as Reject),Reject,NO,0.0000,0.0000,6.0,4.0,4.0,4.0,,,
40sQXprYlm,6.5,Accept,5.00,Reject,Reject,NO,0.0000,0.0000,4.0,4.0,8.0,4.0,,,
TBsTStMK41,5.0,Reject,4.00,Reject,Reject,YES,0.0000,0.0000,4.0,4.0,2.0,4.0,6.0,,
4iu9Lj0Ist,6.0,Reject,3.50,Reject,Reject,YES,0.0000,0.0000,6.0,4.0,2.0,2.0,,,
HvFpfea8XA,6.0,Accept,4.50,Reject,Reject,NO,0.0000,0.0000,4.0,2.0,6.0,6.0,,,
FMjeC9Msws,7.0,Accept,7.50,Accept (Oral),Accept,YES,0.0000,0.0000,8.0,6.0,8.0,8.0,,,
qSak1Hjfdq,7.0,Accept,5.00,Accept (Poster),Accept,YES,0.0000,0.0000,4.0,6.0,4.0,6.0,,,
zHdKaF3ZM7,6.0,Accept,7.20,Accept (Poster),Accept,YES,0.0000,0.0000,8.0,8.0,6.0,6.0,8.0,,
NFB4QGGS65,7.0,Accept,6.50,Accept (Poster),Accept,YES,0.0000,0.0000,8.0,8.0,4.0,6.0,,,
RpDJz00zNh,6.0,Accept,4.50,Reject,Reject,NO,0.0000,0.0000,4.0,6.0,4.0,4.0,,,
uP6RDWHcs7,5.5,Reject,1.33,Withdrawn (treated as Reject),Reject,YES,0.0000,0.0000,2.0,0.0,2.0,,,,
FtL9eEmU6v,5.5,Reject,7.50,Accept (Oral),Accept,NO,0.0000,0.0000,6.0,10.0,8.0,6.0,,,
cu6xWUNOzQ,6.5,Accept,6.67,Reject,Reject,NO,0.0000,0.0000,10.0,4.0,6.0,,,,
y7VeiCT7HG,6.0,Accept,3.00,Reject,Reject,NO,0.0000,0.0000,4.0,2.0,2.0,4.0,,,
a3sRspQ62b,6.5,Accept,2.50,Reject,Reject,NO,0.0000,0.0000,2.0,2.0,4.0,2.0,,,
2EQPpEZtEK,6.5,Accept,3.33,Reject,Reject,NO,0.0000,0.0000,2.0,4.0,4.0,,,,
f4B4ohWO53,6.0,Reject,3.33,Reject,Reject,YES,0.0000,0.0000,2.0,4.0,4.0,,,,
FF9QVQduAu,7.0,Accept,5.00,Accept (Poster),Accept,YES,0.0000,0.0000,2.0,6.0,4.0,8.0,,,
YADyx3ieUX,5.0,Reject,1.00,Withdrawn (treated as Reject),Reject,YES,0.0000,0.0000,0.0,2.0,0.0,2.0,,,
bxZUPQbvp0,6.0,Accept,2.00,Reject,Reject,NO,0.0000,0.0000,2.0,2.0,2.0,2.0,,,
7gLNA6nT5d,6.5,Accept,3.20,Reject,Reject,NO,0.0000,0.0000,2.0,4.0,6.0,2.0,2.0,,
eu3PwSle8J,6.5,Accept,4.67,Reject,Reject,NO,0.0000,0.0000,6.0,4.0,4.0,,,,
cZFgsLq8Gs,6.5,Accept,4.00,Accept (Poster),Accept,YES,0.0000,0.0000,4.0,6.0,4.0,2.0,,,
pn2H6YeOv2,7.0,Accept,5.50,Accept (Poster),Accept,YES,0.0000,0.0000,6.0,4.0,6.0,6.0,,,
yBpzF8hp3J,7.0,Accept,6.50,Accept (Oral),Accept,YES,0.0000,0.0000,6.0,6.0,6.0,8.0,,,
4hkMvkzai5,6.0,Accept,2.80,Reject,Reject,NO,0.0000,0.0000,4.0,2.0,2.0,4.0,2.0,,
k6nTUFoqeT,7.0,Accept,6.50,Accept (Poster),Accept,YES,0.0000,0.0000,6.0,8.0,4.0,8.0,,,
tucuU4sQ3s,7.0,Accept,5.50,Accept (Poster),Accept,YES,0.0000,0.0000,4.0,6.0,6.0,6.0,,,
XKLPlnfZzM,6.5,Accept,3.50,Reject,Reject,NO,0.0000,0.0000,6.0,4.0,2.0,2.0,,,
a7Qa4CcHak,7.0,Accept,7.33,Accept (Poster),Accept,YES,0.0000,0.0000,8.0,6.0,8.0,,,,
v05SW2X3IC,6.0,Accept,5.33,Accept (Poster),Accept,YES,0.0000,0.0000,6.0,6.0,4.0,,,,
khBHJz2wcV,6.5,Accept,3.00,Accept (Poster),Accept,YES,0.0000,0.0000,0.0,2.0,6.0,4.0,,,
lWdxX5s9T1,7.0,Accept,4.50,Accept (Poster),Accept,YES,0.0000,0.0000,4.0,6.0,4.0,4.0,,,
XX5EZoe4ec,6.0,Accept,2.00,Reject,Reject,NO,0.0000,0.0000,2.0,2.0,2.0,2.0,,,
RDAhLHEHDm,5.5,Reject,6.50,Accept (Poster),Accept,NO,0.0000,0.0000,8.0,6.0,6.0,6.0,,,
36CzrZYEch,6.5,Accept,4.00,Reject,Reject,NO,0.0000,0.0000,2.0,2.0,6.0,6.0,,,
qCfYOLAzti,6.0,Accept,6.00,Accept (Poster),Accept,YES,0.0000,0.0000,6.0,6.0,4.0,8.0,,,
IFCUMN8Fp1,5.5,Reject,4.50,Reject,Reject,YES,0.0000,0.0000,4.0,6.0,2.0,6.0,,,
31CznLfRIS,6.0,Accept,4.50,Accept (Poster),Accept,YES,0.0000,0.0000,4.0,4.0,6.0,4.0,,,
KAZpuq2W4Y,5.5,Reject,2.67,Reject,Reject,YES,0.0000,0.0000,2.0,4.0,2.0,,,,
MrJoBgN1VO,6.0,Accept,5.50,Accept (Poster),Accept,YES,0.0000,0.0000,6.0,6.0,4.0,6.0,,,
zwfpyw345l,3.0,Reject,0.50,Reject,Reject,YES,0.0000,0.0000,0.0,0.0,2.0,0.0,,,
LHSea6DI8U,6.0,Reject,6.00,Accept (Poster),Accept,NO,0.0000,0.0000,6.0,8.0,4.0,,,,
OuMNJoKJBQ,7.0,Reject,4.50,Accept (Poster),Accept,NO,0.0000,0.0000,4.0,4.0,6.0,4.0,,,
GMP1S4R6Ke,6.0,Accept,5.33,Accept (Poster),Accept,YES,0.0000,0.0000,4.0,6.0,6.0,,,,
a2XmC7rHIU,6.5,Accept,6.80,Accept (Poster),Accept,YES,0.0000,0.0000,6.0,6.0,8.0,8.0,6.0,,
N7ziRPTNdT,7.0,Accept,5.50,Reject,Reject,NO,0.0000,0.0000,6.0,6.0,6.0,4.0,,,
m18MXVdrV9,7.0,Accept,5.50,Accept (Poster),Accept,YES,0.0000,0.0000,4.0,6.0,6.0,6.0,,,
ao7VBbvWIK,3.5,Reject,1.00,Withdrawn (treated as Reject),Reject,YES,0.0000,0.0000,2.0,0.0,,,,,
m7gNW26Zih,4.5,Reject,0.00,Withdrawn (treated as Reject),Reject,YES,0.0000,0.0000,0.0,0.0,0.0,0.0,,,
WgMZPsdJmC,2.5,Reject,0.50,Reject,Reject,YES,0.0000,0.0000,0.0,0.0,2.0,0.0,,,
ZNAY3ivd62,6.5,Accept,4.00,Reject,Reject,NO,0.0000,0.0000,2.0,4.0,6.0,4.0,,,
ZF0xRAdsuY,6.5,Accept,7.50,Accept (Poster),Accept,YES,0.0000,0.0000,10.0,8.0,6.0,6.0,,,
zt7IPzsXrT,7.0,Accept,5.00,Accept (Poster),Accept,YES,0.0000,0.0000,6.0,6.0,4.0,4.0,,,
sSbEEHNEsL,7.0,Accept,8.00,Accept (Poster),Accept,YES,0.0000,0.0000,8.0,8.0,8.0,8.0,,,
bwtiK0yjuK,6.5,Accept,5.33,Accept (Poster),Accept,YES,0.0000,0.0000,4.0,6.0,6.0,,,,
Gk7gLAtVDO,7.0,Accept,7.50,Accept (Oral),Accept,YES,0.0000,0.0000,8.0,8.0,8.0,6.0,,,
qkKUG56s5r,5.5,Reject,1.33,Withdrawn (treated as Reject),Reject,YES,0.0000,0.0000,2.0,0.0,2.0,,,,
USyGD0eUod,6.5,Accept,6.00,Accept (Poster),Accept,YES,0.0000,0.0000,6.0,8.0,4.0,,,,
Vgm77U4ojX,8.0,Accept,6.00,Accept (Poster),Accept,YES,0.0000,0.0000,6.0,8.0,6.0,4.0,6.0,,
lJqssVKeR7,6.5,Accept,5.60,Accept (Poster),Accept,YES,0.0000,0.0000,8.0,4.0,6.0,4.0,6.0,,
lJ7zecny2e,6.5,Accept,5.00,Accept (Poster),Accept,YES,0.0000,0.0000,6.0,6.0,4.0,8.0,4.0,2.0,
Mz98kwANpF,6.5,Accept,4.50,Reject,Reject,NO,0.0000,0.0000,4.0,4.0,4.0,6.0,,,
NcvmuiLuZn,5.0,Reject,2.50,Reject,Reject,YES,0.0000,0.0000,4.0,2.0,2.0,2.0,,,
X2yzXtH4wp,6.5,Accept,5.33,Accept (Poster),Accept,YES,0.0000,0.0000,6.0,6.0,4.0,,,,
opU91paIvZ,5.5,Reject,3.33,Withdrawn (treated as Reject),Reject,YES,0.0000,0.0000,6.0,2.0,2.0,,,,
PFhrOUJZ5o,6.0,Accept,5.00,Reject,Reject,NO,0.0000,0.0000,4.0,4.0,6.0,6.0,,,
NfO2Lt2WY7,5.0,Reject,2.00,Reject,Reject,YES,0.0000,0.0000,6.0,0.0,0.0,2.0,,,
UESTP6dR1K,6.5,Accept,6.50,Accept (Poster),Accept,YES,0.0000,0.0000,6.0,6.0,6.0,8.0,,,
oh9ChF7Pv0,5.5,Accept,4.67,Accept (Poster),Accept,YES,0.0000,0.0000,6.0,6.0,2.0,,,,
TjF9WLcu8o,2.0,Reject,0.00,Reject,Reject,YES,0.0000,0.0000,0.0,0.0,0.0,0.0,,,
mGeeRFToaW,6.0,Accept,5.20,Accept (Poster),Accept,YES,0.0000,0.0000,6.0,2.0,4.0,8.0,6.0,,
MPhnlqdU9Z,6.0,Accept,4.00,Reject,Reject,NO,0.0000,0.0000,4.0,2.0,6.0,,,,
0nvQ5kHXf4,5.0,Reject,6.00,Accept (Oral),Accept,NO,0.0000,0.0000,6.0,6.0,6.0,,,,
TADsPhlp32,5.0,Reject,2.50,Withdrawn (treated as Reject),Reject,YES,0.0000,0.0000,2.0,2.0,2.0,4.0,,,
2uTxLC4LmC,7.0,Accept,5.00,Accept (Poster),Accept,YES,0.0000,0.0000,2.0,4.0,6.0,8.0,,,
abgW71sKIt,6.5,Accept,2.50,Withdrawn (treated as Reject),Reject,NO,0.0000,0.0000,2.0,2.0,4.0,2.0,,,
pNpnqsn0Si,6.5,Accept,3.00,Reject,Reject,NO,0.0000,0.0000,4.0,2.0,4.0,2.0,,,
W42oLSwI9p,6.0,Accept,5.00,Reject,Reject,NO,0.0000,0.0000,4.0,4.0,6.0,6.0,,,
HA8vzzT6Ax,7.0,Accept,6.67,Accept (Poster),Accept,YES,0.0000,0.0000,6.0,6.0,8.0,6.0,8.0,6.0,
QIIrjgUnL1,4.0,Reject,3.00,Reject,Reject,YES,0.0000,0.0000,2.0,2.0,2.0,6.0,,,
Q6TymStAvS,7.0,Accept,3.50,Reject,Reject,NO,0.0000,0.0000,2.0,2.0,6.0,4.0,,,
FDlvVdh1sB,7.0,Accept,4.00,Reject,Reject,NO,0.0000,0.0000,2.0,4.0,6.0,4.0,,,
IU4rqTlpRb,7.0,Accept,5.33,Accept (Poster),Accept,YES,0.0000,0.0000,6.0,6.0,4.0,,,,
jZcWBV3Pis,6.0,Accept,3.00,Reject,Reject,NO,0.0000,0.0000,2.0,2.0,2.0,6.0,,,
yPfBP3EFGG,5.5,Reject,3.50,Reject,Reject,YES,0.0000,0.0000,4.0,4.0,2.0,4.0,,,
A4Us8jxVGq,5.5,Reject,7.20,Accept (Oral),Accept,NO,0.0000,0.0000,8.0,6.0,6.0,8.0,8.0,,
20DsUSauCj,7.0,Accept,3.33,Reject,Reject,NO,0.0000,0.0000,2.0,4.0,4.0,,,,
cEXEmyW77N,5.5,Reject,5.00,Accept (Poster),Accept,NO,0.0000,0.0000,4.0,6.0,6.0,4.0,,,
ZBhZT307xx,6.5,Accept,3.00,Withdrawn (treated as Reject),Reject,NO,0.0000,0.0000,4.0,2.0,4.0,2.0,,,
AB3jM3iMaW,6.5,Accept,5.00,Reject,Reject,NO,0.0000,0.0000,8.0,2.0,4.0,6.0,,,
QnuJR7qA3z,6.0,Reject,4.50,Reject,Reject,YES,0.0000,0.0000,6.0,6.0,2.0,4.0,,,
9h2c2rMSY1,6.5,Accept,3.33,Reject,Reject,NO,0.0000,0.0000,2.0,2.0,6.0,,,,
zS1bPtMlt9,6.0,Reject,6.00,Reject,Reject,YES,0.0000,0.0000,8.0,6.0,4.0,,,,
zKQSyT7a7n,6.5,Accept,6.00,Reject,Reject,NO,0.0000,0.0000,6.0,8.0,4.0,6.0,,,
Ir0HMkRpYb,6.5,Accept,7.00,Accept (Poster),Accept,YES,0.0000,0.0000,8.0,6.0,8.0,6.0,,,
Ry8jLSYIUG,6.5,Accept,5.33,Reject,Reject,NO,0.0000,0.0000,4.0,6.0,6.0,,,,
rRB1bYErbL,6.5,Accept,6.00,Accept (Poster),Accept,YES,0.0000,0.0000,6.0,6.0,6.0,6.0,,,
wA6dvVnKe8,6.5,Accept,3.00,Reject,Reject,NO,0.0000,0.0000,2.0,2.0,6.0,2.0,,,
a4S1nQay3b,7.0,Accept,7.00,Accept (Oral),Accept,YES,0.0000,0.0000,8.0,6.0,6.0,8.0,,,
CQ0U1wZYoy,7.0,Accept,4.00,Accept (Poster),Accept,YES,0.0000,0.0000,2.0,4.0,4.0,4.0,6.0,,
xFo13SaHQm,7.0,Accept,6.50,Accept (Poster),Accept,YES,0.0000,0.0000,6.0,6.0,6.0,8.0,,,
cP9ciYglnI,6.5,Accept,4.00,Reject,Reject,NO,0.0000,0.0000,6.0,4.0,2.0,,,,
QryPmx2MNh,5.0,Reject,3.50,Withdrawn (treated as Reject),Reject,YES,0.0000,0.0000,4.0,4.0,2.0,4.0,,,
dwgtYTuSaS,6.0,Accept,3.00,Withdrawn (treated as Reject),Reject,NO,0.0000,0.0000,4.0,2.0,2.0,4.0,,,
U2SJE6W3wT,7.0,Accept,5.50,Accept (Poster),Accept,YES,0.0000,0.0000,4.0,6.0,6.0,6.0,,,
0lW2UBiEWN,5.5,Reject,4.50,Reject,Reject,YES,0.0000,0.0000,4.0,6.0,4.0,4.0,,,
bhR00j6Mku,7.0,Accept,6.67,Accept (Poster),Accept,YES,0.0000,0.0000,8.0,6.0,6.0,,,,
b6miYNcjag,6.0,Accept,4.67,Reject,Reject,NO,0.0000,0.0000,6.0,2.0,6.0,,,,
6P5sAycAQr,4.5,Reject,3.00,Reject,Reject,YES,0.0000,0.0000,6.0,2.0,2.0,2.0,,,
oiz0QHejVj,5.5,Reject,4.50,Reject,Reject,YES,0.0000,0.0000,4.0,6.0,4.0,4.0,,,
173Pq3F31r,6.0,Reject,5.50,Accept (Poster),Accept,NO,0.0000,0.0000,8.0,8.0,4.0,2.0,,,
lSM6MtjQcM,7.0,Accept,5.50,Accept (Poster),Accept,YES,0.0000,0.0000,2.0,6.0,10.0,4.0,,,
cSpjHOf04S,7.0,Accept,5.00,Accept (Poster),Accept,YES,0.0000,0.0000,2.0,4.0,8.0,6.0,,,
4fm4Rc5fUK,7.0,Accept,4.67,Reject,Reject,NO,0.0000,0.0000,2.0,6.0,6.0,,,,
U6ROetm5nW,6.5,Accept,4.50,Withdrawn (treated as Reject),Reject,NO,0.0000,0.0000,8.0,6.0,2.0,2.0,,,
s7gSTR2AqA,7.0,Accept,6.00,Accept (Poster),Accept,YES,0.0000,0.0000,4.0,8.0,6.0,,,,
ahpO7S1Ppi,6.5,Accept,3.50,Reject,Reject,NO,0.0000,0.0000,2.0,4.0,4.0,4.0,,,
3icvqeC1sA,6.0,Accept,4.50,Reject,Reject,NO,0.0000,0.0000,6.0,2.0,4.0,6.0,,,
YS4N1YxXSM,7.5,Accept,6.00,Accept (Poster),Accept,YES,0.0000,0.0000,6.0,4.0,6.0,8.0,,,
IeNXtofK6T,6.5,Accept,3.50,Reject,Reject,NO,0.0000,0.0000,2.0,6.0,2.0,4.0,,,
SA8xDYrUYB,5.5,Reject,3.50,Accept (Poster),Accept,NO,0.0000,0.0000,4.0,4.0,2.0,4.0,,,
1E4Bltg6Xb,5.0,Reject,4.67,Accept (Poster),Accept,NO,0.0000,0.0000,6.0,6.0,2.0,,,,
1FCZ4f8dAY,6.5,Accept,7.00,Accept (Poster),Accept,YES,0.0000,0.0000,10.0,4.0,8.0,6.0,,,
IvG90aRAL0,6.0,Accept,4.00,Reject,Reject,NO,0.0000,0.0000,6.0,4.0,4.0,4.0,2.0,,
qclNnbjxNJ,6.0,Accept,7.50,Accept (Poster),Accept,YES,0.0000,0.0000,8.0,8.0,8.0,6.0,,,
Kw2mvnzCoc,7.0,Accept,4.50,Accept (Poster),Accept,YES,0.0000,0.0000,6.0,6.0,4.0,2.0,,,
oGbzk8xuVT,6.0,Accept,4.00,Reject,Reject,NO,0.0000,0.0000,2.0,6.0,4.0,4.0,,,
GFWfR4G5fm,6.5,Accept,4.50,Reject,Reject,NO,0.0000,0.0000,4.0,4.0,2.0,8.0,,,
xDO0239YOm,4.5,Reject,1.33,Reject,Reject,YES,0.0000,0.0000,2.0,0.0,2.0,,,,
mDuTDAK6KU,5.5,Reject,4.00,Withdrawn (treated as Reject),Reject,YES,0.0000,0.0000,2.0,8.0,2.0,4.0,,,
Iq1fNZus2W,6.0,Accept,3.00,Withdrawn (treated as Reject),Reject,NO,0.0000,0.0000,2.0,2.0,4.0,4.0,,,
cZ74yWoKYr,6.0,Accept,5.00,Reject,Reject,NO,0.0000,0.0000,2.0,8.0,6.0,4.0,,,
lZrZgZ9wIu,4.5,Reject,2.00,Reject,Reject,YES,0.0000,0.0000,2.0,2.0,2.0,2.0,,,
Y6lVVJHiwN,6.0,Accept,4.40,Reject,Reject,NO,0.0000,0.0000,6.0,4.0,2.0,4.0,6.0,,
5qd7V5TNGV,5.5,Reject,5.00,Reject,Reject,YES,0.0000,0.0000,4.0,6.0,2.0,8.0,,,
bhPaXhWVKG,6.5,Accept,5.33,Reject,Reject,NO,0.0000,0.0000,6.0,6.0,4.0,,,,
ppXAVexrAM,5.5,Accept,4.00,Reject,Reject,NO,0.0000,0.0000,4.0,4.0,6.0,2.0,,,
GRufFX1gAy,5.5,Reject,4.50,Accept (Poster),Accept,NO,0.0000,0.0000,4.0,4.0,6.0,4.0,,,
rajioNWfRs,6.0,Reject,6.67,Accept (Poster),Accept,NO,0.0000,0.0000,6.0,8.0,6.0,,,,
wVGfJxM2Nz,5.5,Reject,2.00,Reject,Reject,YES,0.0000,0.0000,2.0,2.0,2.0,2.0,,,
dIOYpj9K8P,6.5,Accept,6.67,Accept (Poster),Accept,YES,0.0000,0.0000,6.0,8.0,6.0,,,,
RNsydf7HB4,5.0,Reject,2.50,Reject,Reject,YES,0.0000,0.0000,2.0,2.0,2.0,4.0,,,
